"TIME","GEO","UNIT","SEX","AGE","ICD10","Value","Flag and Footnotes"
"1994","European Union (28 countries)","Rate","Total","Total","Human immunodeficiency virus [HIV] disease",":",""
"1995","European Union (28 countries)","Rate","Total","Total","Human immunodeficiency virus [HIV] disease",":",""
"1996","European Union (28 countries)","Rate","Total","Total","Human immunodeficiency virus [HIV] disease",":",""
"1997","European Union (28 countries)","Rate","Total","Total","Human immunodeficiency virus [HIV] disease",":",""
"1998","European Union (28 countries)","Rate","Total","Total","Human immunodeficiency virus [HIV] disease",":",""
"1999","European Union (28 countries)","Rate","Total","Total","Human immunodeficiency virus [HIV] disease",":",""
"2000","European Union (28 countries)","Rate","Total","Total","Human immunodeficiency virus [HIV] disease",":",""
"2001","European Union (28 countries)","Rate","Total","Total","Human immunodeficiency virus [HIV] disease",":",""
"2002","European Union (28 countries)","Rate","Total","Total","Human immunodeficiency virus [HIV] disease","1.2","p"
"2003","European Union (28 countries)","Rate","Total","Total","Human immunodeficiency virus [HIV] disease","1.3",""
"2004","European Union (28 countries)","Rate","Total","Total","Human immunodeficiency virus [HIV] disease","1.2","p"
"2005","European Union (28 countries)","Rate","Total","Total","Human immunodeficiency virus [HIV] disease","1.2","p"
"2006","European Union (28 countries)","Rate","Total","Total","Human immunodeficiency virus [HIV] disease","1.0",""
"2007","European Union (28 countries)","Rate","Total","Total","Human immunodeficiency virus [HIV] disease","1.0",""
"2008","European Union (28 countries)","Rate","Total","Total","Human immunodeficiency virus [HIV] disease","1.0",""
"2009","European Union (28 countries)","Rate","Total","Total","Human immunodeficiency virus [HIV] disease","0.9",""
"2010","European Union (28 countries)","Rate","Total","Total","Human immunodeficiency virus [HIV] disease","0.9","p"
"1994","European Union (15 countries)","Rate","Total","Total","Human immunodeficiency virus [HIV] disease","4.6",""
"1995","European Union (15 countries)","Rate","Total","Total","Human immunodeficiency virus [HIV] disease","4.9",""
"1996","European Union (15 countries)","Rate","Total","Total","Human immunodeficiency virus [HIV] disease","4.3",""
"1997","European Union (15 countries)","Rate","Total","Total","Human immunodeficiency virus [HIV] disease","2.2",""
"1998","European Union (15 countries)","Rate","Total","Total","Human immunodeficiency virus [HIV] disease","1.5",""
"1999","European Union (15 countries)","Rate","Total","Total","Human immunodeficiency virus [HIV] disease","1.5",""
"2000","European Union (15 countries)","Rate","Total","Total","Human immunodeficiency virus [HIV] disease","1.4","p"
"2001","European Union (15 countries)","Rate","Total","Total","Human immunodeficiency virus [HIV] disease","1.5","p"
"2002","European Union (15 countries)","Rate","Total","Total","Human immunodeficiency virus [HIV] disease","1.4","p"
"2003","European Union (15 countries)","Rate","Total","Total","Human immunodeficiency virus [HIV] disease","1.5",""
"2004","European Union (15 countries)","Rate","Total","Total","Human immunodeficiency virus [HIV] disease","1.4","p"
"2005","European Union (15 countries)","Rate","Total","Total","Human immunodeficiency virus [HIV] disease","1.4","p"
"2006","European Union (15 countries)","Rate","Total","Total","Human immunodeficiency virus [HIV] disease","1.2",""
"2007","European Union (15 countries)","Rate","Total","Total","Human immunodeficiency virus [HIV] disease","1.2",""
"2008","European Union (15 countries)","Rate","Total","Total","Human immunodeficiency virus [HIV] disease","1.1",""
"2009","European Union (15 countries)","Rate","Total","Total","Human immunodeficiency virus [HIV] disease","1.0",""
"2010","European Union (15 countries)","Rate","Total","Total","Human immunodeficiency virus [HIV] disease","1.0","p"
"1994","Belgium","Rate","Total","Total","Human immunodeficiency virus [HIV] disease",":",""
"1995","Belgium","Rate","Total","Total","Human immunodeficiency virus [HIV] disease",":",""
"1996","Belgium","Rate","Total","Total","Human immunodeficiency virus [HIV] disease",":",""
"1997","Belgium","Rate","Total","Total","Human immunodeficiency virus [HIV] disease",":",""
"1998","Belgium","Rate","Total","Total","Human immunodeficiency virus [HIV] disease","0.5",""
"1999","Belgium","Rate","Total","Total","Human immunodeficiency virus [HIV] disease","0.5",""
"2000","Belgium","Rate","Total","Total","Human immunodeficiency virus [HIV] disease",":",""
"2001","Belgium","Rate","Total","Total","Human immunodeficiency virus [HIV] disease",":",""
"2002","Belgium","Rate","Total","Total","Human immunodeficiency virus [HIV] disease",":",""
"2003","Belgium","Rate","Total","Total","Human immunodeficiency virus [HIV] disease","0.5",""
"2004","Belgium","Rate","Total","Total","Human immunodeficiency virus [HIV] disease","0.7",""
"2005","Belgium","Rate","Total","Total","Human immunodeficiency virus [HIV] disease","0.6",""
"2006","Belgium","Rate","Total","Total","Human immunodeficiency virus [HIV] disease","0.5",""
"2007","Belgium","Rate","Total","Total","Human immunodeficiency virus [HIV] disease","0.5",""
"2008","Belgium","Rate","Total","Total","Human immunodeficiency virus [HIV] disease","0.5",""
"2009","Belgium","Rate","Total","Total","Human immunodeficiency virus [HIV] disease","0.4",""
"2010","Belgium","Rate","Total","Total","Human immunodeficiency virus [HIV] disease","0.5",""
"1994","Bulgaria","Rate","Total","Total","Human immunodeficiency virus [HIV] disease",":",""
"1995","Bulgaria","Rate","Total","Total","Human immunodeficiency virus [HIV] disease","0.0",""
"1996","Bulgaria","Rate","Total","Total","Human immunodeficiency virus [HIV] disease","0.0",""
"1997","Bulgaria","Rate","Total","Total","Human immunodeficiency virus [HIV] disease","0.0",""
"1998","Bulgaria","Rate","Total","Total","Human immunodeficiency virus [HIV] disease","0.0",""
"1999","Bulgaria","Rate","Total","Total","Human immunodeficiency virus [HIV] disease","0.0",""
"2000","Bulgaria","Rate","Total","Total","Human immunodeficiency virus [HIV] disease","0.0",""
"2001","Bulgaria","Rate","Total","Total","Human immunodeficiency virus [HIV] disease","0.0",""
"2002","Bulgaria","Rate","Total","Total","Human immunodeficiency virus [HIV] disease","0.0",""
"2003","Bulgaria","Rate","Total","Total","Human immunodeficiency virus [HIV] disease","0.0",""
"2004","Bulgaria","Rate","Total","Total","Human immunodeficiency virus [HIV] disease","0.0",""
"2005","Bulgaria","Rate","Total","Total","Human immunodeficiency virus [HIV] disease","0.0",""
"2006","Bulgaria","Rate","Total","Total","Human immunodeficiency virus [HIV] disease","0.0",""
"2007","Bulgaria","Rate","Total","Total","Human immunodeficiency virus [HIV] disease","0.0",""
"2008","Bulgaria","Rate","Total","Total","Human immunodeficiency virus [HIV] disease","0.0",""
"2009","Bulgaria","Rate","Total","Total","Human immunodeficiency virus [HIV] disease","0.0",""
"2010","Bulgaria","Rate","Total","Total","Human immunodeficiency virus [HIV] disease","0.1",""
"1994","Czech Republic","Rate","Total","Total","Human immunodeficiency virus [HIV] disease","0.1",""
"1995","Czech Republic","Rate","Total","Total","Human immunodeficiency virus [HIV] disease","0.0",""
"1996","Czech Republic","Rate","Total","Total","Human immunodeficiency virus [HIV] disease","0.0",""
"1997","Czech Republic","Rate","Total","Total","Human immunodeficiency virus [HIV] disease","0.0",""
"1998","Czech Republic","Rate","Total","Total","Human immunodeficiency virus [HIV] disease","0.0",""
"1999","Czech Republic","Rate","Total","Total","Human immunodeficiency virus [HIV] disease","0.0",""
"2000","Czech Republic","Rate","Total","Total","Human immunodeficiency virus [HIV] disease","0.0",""
"2001","Czech Republic","Rate","Total","Total","Human immunodeficiency virus [HIV] disease","0.0",""
"2002","Czech Republic","Rate","Total","Total","Human immunodeficiency virus [HIV] disease",":",""
"2003","Czech Republic","Rate","Total","Total","Human immunodeficiency virus [HIV] disease",":",""
"2004","Czech Republic","Rate","Total","Total","Human immunodeficiency virus [HIV] disease",":",""
"2005","Czech Republic","Rate","Total","Total","Human immunodeficiency virus [HIV] disease","0.0",""
"2006","Czech Republic","Rate","Total","Total","Human immunodeficiency virus [HIV] disease","0.0",""
"2007","Czech Republic","Rate","Total","Total","Human immunodeficiency virus [HIV] disease","0.0",""
"2008","Czech Republic","Rate","Total","Total","Human immunodeficiency virus [HIV] disease","0.1",""
"2009","Czech Republic","Rate","Total","Total","Human immunodeficiency virus [HIV] disease","0.1",""
"2010","Czech Republic","Rate","Total","Total","Human immunodeficiency virus [HIV] disease","0.1",""
"1994","Denmark","Rate","Total","Total","Human immunodeficiency virus [HIV] disease","4.3",""
"1995","Denmark","Rate","Total","Total","Human immunodeficiency virus [HIV] disease","4.7",""
"1996","Denmark","Rate","Total","Total","Human immunodeficiency virus [HIV] disease","3.0",""
"1997","Denmark","Rate","Total","Total","Human immunodeficiency virus [HIV] disease","1.2",""
"1998","Denmark","Rate","Total","Total","Human immunodeficiency virus [HIV] disease","0.7",""
"1999","Denmark","Rate","Total","Total","Human immunodeficiency virus [HIV] disease","0.8",""
"2000","Denmark","Rate","Total","Total","Human immunodeficiency virus [HIV] disease","0.5",""
"2001","Denmark","Rate","Total","Total","Human immunodeficiency virus [HIV] disease","0.6",""
"2002","Denmark","Rate","Total","Total","Human immunodeficiency virus [HIV] disease","0.7",""
"2003","Denmark","Rate","Total","Total","Human immunodeficiency virus [HIV] disease","0.8",""
"2004","Denmark","Rate","Total","Total","Human immunodeficiency virus [HIV] disease","0.8",""
"2005","Denmark","Rate","Total","Total","Human immunodeficiency virus [HIV] disease","0.7",""
"2006","Denmark","Rate","Total","Total","Human immunodeficiency virus [HIV] disease","0.5",""
"2007","Denmark","Rate","Total","Total","Human immunodeficiency virus [HIV] disease","0.6",""
"2008","Denmark","Rate","Total","Total","Human immunodeficiency virus [HIV] disease","0.4",""
"2009","Denmark","Rate","Total","Total","Human immunodeficiency virus [HIV] disease","0.5",""
"2010","Denmark","Rate","Total","Total","Human immunodeficiency virus [HIV] disease",":",""
"1994","Germany (until 1990 former territory of the FRG)","Rate","Total","Total","Human immunodeficiency virus [HIV] disease","2.5",""
"1995","Germany (until 1990 former territory of the FRG)","Rate","Total","Total","Human immunodeficiency virus [HIV] disease","2.3",""
"1996","Germany (until 1990 former territory of the FRG)","Rate","Total","Total","Human immunodeficiency virus [HIV] disease","1.8",""
"1997","Germany (until 1990 former territory of the FRG)","Rate","Total","Total","Human immunodeficiency virus [HIV] disease","0.9",""
"1998","Germany (until 1990 former territory of the FRG)","Rate","Total","Total","Human immunodeficiency virus [HIV] disease","0.7",""
"1999","Germany (until 1990 former territory of the FRG)","Rate","Total","Total","Human immunodeficiency virus [HIV] disease","0.7",""
"2000","Germany (until 1990 former territory of the FRG)","Rate","Total","Total","Human immunodeficiency virus [HIV] disease","0.7",""
"2001","Germany (until 1990 former territory of the FRG)","Rate","Total","Total","Human immunodeficiency virus [HIV] disease","0.6",""
"2002","Germany (until 1990 former territory of the FRG)","Rate","Total","Total","Human immunodeficiency virus [HIV] disease","0.6",""
"2003","Germany (until 1990 former territory of the FRG)","Rate","Total","Total","Human immunodeficiency virus [HIV] disease","0.6",""
"2004","Germany (until 1990 former territory of the FRG)","Rate","Total","Total","Human immunodeficiency virus [HIV] disease","0.6",""
"2005","Germany (until 1990 former territory of the FRG)","Rate","Total","Total","Human immunodeficiency virus [HIV] disease","0.6",""
"2006","Germany (until 1990 former territory of the FRG)","Rate","Total","Total","Human immunodeficiency virus [HIV] disease","0.6",""
"2007","Germany (until 1990 former territory of the FRG)","Rate","Total","Total","Human immunodeficiency virus [HIV] disease","0.5",""
"2008","Germany (until 1990 former territory of the FRG)","Rate","Total","Total","Human immunodeficiency virus [HIV] disease","0.5",""
"2009","Germany (until 1990 former territory of the FRG)","Rate","Total","Total","Human immunodeficiency virus [HIV] disease","0.5",""
"2010","Germany (until 1990 former territory of the FRG)","Rate","Total","Total","Human immunodeficiency virus [HIV] disease","0.5",""
"1994","Estonia","Rate","Total","Total","Human immunodeficiency virus [HIV] disease",":",""
"1995","Estonia","Rate","Total","Total","Human immunodeficiency virus [HIV] disease",":",""
"1996","Estonia","Rate","Total","Total","Human immunodeficiency virus [HIV] disease","0.1",""
"1997","Estonia","Rate","Total","Total","Human immunodeficiency virus [HIV] disease","0.2",""
"1998","Estonia","Rate","Total","Total","Human immunodeficiency virus [HIV] disease","0.2",""
"1999","Estonia","Rate","Total","Total","Human immunodeficiency virus [HIV] disease","0.1",""
"2000","Estonia","Rate","Total","Total","Human immunodeficiency virus [HIV] disease","0.2",""
"2001","Estonia","Rate","Total","Total","Human immunodeficiency virus [HIV] disease","0.2",""
"2002","Estonia","Rate","Total","Total","Human immunodeficiency virus [HIV] disease","0.2",""
"2003","Estonia","Rate","Total","Total","Human immunodeficiency virus [HIV] disease","0.5",""
"2004","Estonia","Rate","Total","Total","Human immunodeficiency virus [HIV] disease","1.4",""
"2005","Estonia","Rate","Total","Total","Human immunodeficiency virus [HIV] disease","2.2",""
"2006","Estonia","Rate","Total","Total","Human immunodeficiency virus [HIV] disease","3.3",""
"2007","Estonia","Rate","Total","Total","Human immunodeficiency virus [HIV] disease","2.8",""
"2008","Estonia","Rate","Total","Total","Human immunodeficiency virus [HIV] disease","2.9",""
"2009","Estonia","Rate","Total","Total","Human immunodeficiency virus [HIV] disease","3.5",""
"2010","Estonia","Rate","Total","Total","Human immunodeficiency virus [HIV] disease","3.0",""
"1994","Ireland","Rate","Total","Total","Human immunodeficiency virus [HIV] disease","0.8",""
"1995","Ireland","Rate","Total","Total","Human immunodeficiency virus [HIV] disease","1.4",""
"1996","Ireland","Rate","Total","Total","Human immunodeficiency virus [HIV] disease","0.9",""
"1997","Ireland","Rate","Total","Total","Human immunodeficiency virus [HIV] disease","0.4",""
"1998","Ireland","Rate","Total","Total","Human immunodeficiency virus [HIV] disease","0.3",""
"1999","Ireland","Rate","Total","Total","Human immunodeficiency virus [HIV] disease","0.5",""
"2000","Ireland","Rate","Total","Total","Human immunodeficiency virus [HIV] disease","0.1",""
"2001","Ireland","Rate","Total","Total","Human immunodeficiency virus [HIV] disease","0.2",""
"2002","Ireland","Rate","Total","Total","Human immunodeficiency virus [HIV] disease","0.3",""
"2003","Ireland","Rate","Total","Total","Human immunodeficiency virus [HIV] disease","0.4",""
"2004","Ireland","Rate","Total","Total","Human immunodeficiency virus [HIV] disease","0.3",""
"2005","Ireland","Rate","Total","Total","Human immunodeficiency virus [HIV] disease","0.2",""
"2006","Ireland","Rate","Total","Total","Human immunodeficiency virus [HIV] disease","0.2",""
"2007","Ireland","Rate","Total","Total","Human immunodeficiency virus [HIV] disease","0.3",""
"2008","Ireland","Rate","Total","Total","Human immunodeficiency virus [HIV] disease","0.3",""
"2009","Ireland","Rate","Total","Total","Human immunodeficiency virus [HIV] disease","0.3",""
"2010","Ireland","Rate","Total","Total","Human immunodeficiency virus [HIV] disease","0.3",""
"1994","Greece","Rate","Total","Total","Human immunodeficiency virus [HIV] disease","0.7",""
"1995","Greece","Rate","Total","Total","Human immunodeficiency virus [HIV] disease","0.6",""
"1996","Greece","Rate","Total","Total","Human immunodeficiency virus [HIV] disease","0.6",""
"1997","Greece","Rate","Total","Total","Human immunodeficiency virus [HIV] disease","0.3",""
"1998","Greece","Rate","Total","Total","Human immunodeficiency virus [HIV] disease","0.3",""
"1999","Greece","Rate","Total","Total","Human immunodeficiency virus [HIV] disease","0.3",""
"2000","Greece","Rate","Total","Total","Human immunodeficiency virus [HIV] disease","0.3",""
"2001","Greece","Rate","Total","Total","Human immunodeficiency virus [HIV] disease","0.2",""
"2002","Greece","Rate","Total","Total","Human immunodeficiency virus [HIV] disease","0.3",""
"2003","Greece","Rate","Total","Total","Human immunodeficiency virus [HIV] disease","0.2",""
"2004","Greece","Rate","Total","Total","Human immunodeficiency virus [HIV] disease","0.1",""
"2005","Greece","Rate","Total","Total","Human immunodeficiency virus [HIV] disease","0.2",""
"2006","Greece","Rate","Total","Total","Human immunodeficiency virus [HIV] disease","0.2",""
"2007","Greece","Rate","Total","Total","Human immunodeficiency virus [HIV] disease","0.2",""
"2008","Greece","Rate","Total","Total","Human immunodeficiency virus [HIV] disease","0.1",""
"2009","Greece","Rate","Total","Total","Human immunodeficiency virus [HIV] disease","0.1",""
"2010","Greece","Rate","Total","Total","Human immunodeficiency virus [HIV] disease","0.2",""
"1994","Spain","Rate","Total","Total","Human immunodeficiency virus [HIV] disease","11.1",""
"1995","Spain","Rate","Total","Total","Human immunodeficiency virus [HIV] disease","12.8",""
"1996","Spain","Rate","Total","Total","Human immunodeficiency virus [HIV] disease","12.5",""
"1997","Spain","Rate","Total","Total","Human immunodeficiency virus [HIV] disease","6.5",""
"1998","Spain","Rate","Total","Total","Human immunodeficiency virus [HIV] disease","4.1",""
"1999","Spain","Rate","Total","Total","Human immunodeficiency virus [HIV] disease","4.2",""
"2000","Spain","Rate","Total","Total","Human immunodeficiency virus [HIV] disease","3.9",""
"2001","Spain","Rate","Total","Total","Human immunodeficiency virus [HIV] disease","3.7",""
"2002","Spain","Rate","Total","Total","Human immunodeficiency virus [HIV] disease","3.6",""
"2003","Spain","Rate","Total","Total","Human immunodeficiency virus [HIV] disease","3.6",""
"2004","Spain","Rate","Total","Total","Human immunodeficiency virus [HIV] disease","3.4",""
"2005","Spain","Rate","Total","Total","Human immunodeficiency virus [HIV] disease","3.1",""
"2006","Spain","Rate","Total","Total","Human immunodeficiency virus [HIV] disease","2.8",""
"2007","Spain","Rate","Total","Total","Human immunodeficiency virus [HIV] disease","2.7",""
"2008","Spain","Rate","Total","Total","Human immunodeficiency virus [HIV] disease","2.5",""
"2009","Spain","Rate","Total","Total","Human immunodeficiency virus [HIV] disease","2.2",""
"2010","Spain","Rate","Total","Total","Human immunodeficiency virus [HIV] disease","2.1",""
"1994","France","Rate","Total","Total","Human immunodeficiency virus [HIV] disease",":",""
"1995","France","Rate","Total","Total","Human immunodeficiency virus [HIV] disease",":",""
"1996","France","Rate","Total","Total","Human immunodeficiency virus [HIV] disease",":",""
"1997","France","Rate","Total","Total","Human immunodeficiency virus [HIV] disease",":",""
"1998","France","Rate","Total","Total","Human immunodeficiency virus [HIV] disease",":",""
"1999","France","Rate","Total","Total","Human immunodeficiency virus [HIV] disease",":",""
"2000","France","Rate","Total","Total","Human immunodeficiency virus [HIV] disease",":",""
"2001","France","Rate","Total","Total","Human immunodeficiency virus [HIV] disease","1.9",""
"2002","France","Rate","Total","Total","Human immunodeficiency virus [HIV] disease","1.8",""
"2003","France","Rate","Total","Total","Human immunodeficiency virus [HIV] disease","1.7",""
"2004","France","Rate","Total","Total","Human immunodeficiency virus [HIV] disease","1.7",""
"2005","France","Rate","Total","Total","Human immunodeficiency virus [HIV] disease","1.5",""
"2006","France","Rate","Total","Total","Human immunodeficiency virus [HIV] disease","1.4",""
"2007","France","Rate","Total","Total","Human immunodeficiency virus [HIV] disease","1.3",""
"2008","France","Rate","Total","Total","Human immunodeficiency virus [HIV] disease","1.1",""
"2009","France","Rate","Total","Total","Human immunodeficiency virus [HIV] disease","0.9",""
"2010","France","Rate","Total","Total","Human immunodeficiency virus [HIV] disease","0.8",""
"1994","France (metropolitan)","Rate","Total","Total","Human immunodeficiency virus [HIV] disease","8.2",""
"1995","France (metropolitan)","Rate","Total","Total","Human immunodeficiency virus [HIV] disease","8.0",""
"1996","France (metropolitan)","Rate","Total","Total","Human immunodeficiency virus [HIV] disease","5.9",""
"1997","France (metropolitan)","Rate","Total","Total","Human immunodeficiency virus [HIV] disease","2.2",""
"1998","France (metropolitan)","Rate","Total","Total","Human immunodeficiency virus [HIV] disease","1.7",""
"1999","France (metropolitan)","Rate","Total","Total","Human immunodeficiency virus [HIV] disease","1.7",""
"2000","France (metropolitan)","Rate","Total","Total","Human immunodeficiency virus [HIV] disease","1.7",""
"2001","France (metropolitan)","Rate","Total","Total","Human immunodeficiency virus [HIV] disease","1.7",""
"2002","France (metropolitan)","Rate","Total","Total","Human immunodeficiency virus [HIV] disease","1.7",""
"2003","France (metropolitan)","Rate","Total","Total","Human immunodeficiency virus [HIV] disease","1.6",""
"2004","France (metropolitan)","Rate","Total","Total","Human immunodeficiency virus [HIV] disease","1.6",""
"2005","France (metropolitan)","Rate","Total","Total","Human immunodeficiency virus [HIV] disease","1.4",""
"2006","France (metropolitan)","Rate","Total","Total","Human immunodeficiency virus [HIV] disease","1.4",""
"2007","France (metropolitan)","Rate","Total","Total","Human immunodeficiency virus [HIV] disease","1.2",""
"2008","France (metropolitan)","Rate","Total","Total","Human immunodeficiency virus [HIV] disease","1.1",""
"2009","France (metropolitan)","Rate","Total","Total","Human immunodeficiency virus [HIV] disease","0.8",""
"2010","France (metropolitan)","Rate","Total","Total","Human immunodeficiency virus [HIV] disease","0.7",""
"1994","Croatia","Rate","Total","Total","Human immunodeficiency virus [HIV] disease",":",""
"1995","Croatia","Rate","Total","Total","Human immunodeficiency virus [HIV] disease",":",""
"1996","Croatia","Rate","Total","Total","Human immunodeficiency virus [HIV] disease",":",""
"1997","Croatia","Rate","Total","Total","Human immunodeficiency virus [HIV] disease",":",""
"1998","Croatia","Rate","Total","Total","Human immunodeficiency virus [HIV] disease",":",""
"1999","Croatia","Rate","Total","Total","Human immunodeficiency virus [HIV] disease",":",""
"2000","Croatia","Rate","Total","Total","Human immunodeficiency virus [HIV] disease",":",""
"2001","Croatia","Rate","Total","Total","Human immunodeficiency virus [HIV] disease",":",""
"2002","Croatia","Rate","Total","Total","Human immunodeficiency virus [HIV] disease","0.2",""
"2003","Croatia","Rate","Total","Total","Human immunodeficiency virus [HIV] disease","0.0",""
"2004","Croatia","Rate","Total","Total","Human immunodeficiency virus [HIV] disease","0.1",""
"2005","Croatia","Rate","Total","Total","Human immunodeficiency virus [HIV] disease","0.1",""
"2006","Croatia","Rate","Total","Total","Human immunodeficiency virus [HIV] disease","0.2",""
"2007","Croatia","Rate","Total","Total","Human immunodeficiency virus [HIV] disease","0.0",""
"2008","Croatia","Rate","Total","Total","Human immunodeficiency virus [HIV] disease","0.1",""
"2009","Croatia","Rate","Total","Total","Human immunodeficiency virus [HIV] disease","0.2",""
"2010","Croatia","Rate","Total","Total","Human immunodeficiency virus [HIV] disease","0.2",""
"1994","Italy","Rate","Total","Total","Human immunodeficiency virus [HIV] disease","7.0",""
"1995","Italy","Rate","Total","Total","Human immunodeficiency virus [HIV] disease","7.7",""
"1996","Italy","Rate","Total","Total","Human immunodeficiency virus [HIV] disease","7.2",""
"1997","Italy","Rate","Total","Total","Human immunodeficiency virus [HIV] disease","3.8",""
"1998","Italy","Rate","Total","Total","Human immunodeficiency virus [HIV] disease","2.1",""
"1999","Italy","Rate","Total","Total","Human immunodeficiency virus [HIV] disease","1.7",""
"2000","Italy","Rate","Total","Total","Human immunodeficiency virus [HIV] disease","1.6",""
"2001","Italy","Rate","Total","Total","Human immunodeficiency virus [HIV] disease","1.6",""
"2002","Italy","Rate","Total","Total","Human immunodeficiency virus [HIV] disease","1.5",""
"2003","Italy","Rate","Total","Total","Human immunodeficiency virus [HIV] disease","2.1",""
"2004","Italy","Rate","Total","Total","Human immunodeficiency virus [HIV] disease",":",""
"2005","Italy","Rate","Total","Total","Human immunodeficiency virus [HIV] disease",":",""
"2006","Italy","Rate","Total","Total","Human immunodeficiency virus [HIV] disease","1.5",""
"2007","Italy","Rate","Total","Total","Human immunodeficiency virus [HIV] disease","1.6",""
"2008","Italy","Rate","Total","Total","Human immunodeficiency virus [HIV] disease","1.5",""
"2009","Italy","Rate","Total","Total","Human immunodeficiency virus [HIV] disease","1.4",""
"2010","Italy","Rate","Total","Total","Human immunodeficiency virus [HIV] disease","1.3",""
"1994","Cyprus","Rate","Total","Total","Human immunodeficiency virus [HIV] disease",":",""
"1995","Cyprus","Rate","Total","Total","Human immunodeficiency virus [HIV] disease",":",""
"1996","Cyprus","Rate","Total","Total","Human immunodeficiency virus [HIV] disease",":",""
"1997","Cyprus","Rate","Total","Total","Human immunodeficiency virus [HIV] disease",":",""
"1998","Cyprus","Rate","Total","Total","Human immunodeficiency virus [HIV] disease",":",""
"1999","Cyprus","Rate","Total","Total","Human immunodeficiency virus [HIV] disease",":",""
"2000","Cyprus","Rate","Total","Total","Human immunodeficiency virus [HIV] disease",":",""
"2001","Cyprus","Rate","Total","Total","Human immunodeficiency virus [HIV] disease",":",""
"2002","Cyprus","Rate","Total","Total","Human immunodeficiency virus [HIV] disease",":",""
"2003","Cyprus","Rate","Total","Total","Human immunodeficiency virus [HIV] disease",":",""
"2004","Cyprus","Rate","Total","Total","Human immunodeficiency virus [HIV] disease","0.2",""
"2005","Cyprus","Rate","Total","Total","Human immunodeficiency virus [HIV] disease","0.4",""
"2006","Cyprus","Rate","Total","Total","Human immunodeficiency virus [HIV] disease","0.4",""
"2007","Cyprus","Rate","Total","Total","Human immunodeficiency virus [HIV] disease","0.6",""
"2008","Cyprus","Rate","Total","Total","Human immunodeficiency virus [HIV] disease",":",""
"2009","Cyprus","Rate","Total","Total","Human immunodeficiency virus [HIV] disease",":",""
"2010","Cyprus","Rate","Total","Total","Human immunodeficiency virus [HIV] disease","0.2",""
"1994","Latvia","Rate","Total","Total","Human immunodeficiency virus [HIV] disease",":",""
"1995","Latvia","Rate","Total","Total","Human immunodeficiency virus [HIV] disease",":",""
"1996","Latvia","Rate","Total","Total","Human immunodeficiency virus [HIV] disease",":",""
"1997","Latvia","Rate","Total","Total","Human immunodeficiency virus [HIV] disease",":",""
"1998","Latvia","Rate","Total","Total","Human immunodeficiency virus [HIV] disease","0.1",""
"1999","Latvia","Rate","Total","Total","Human immunodeficiency virus [HIV] disease","0.1",""
"2000","Latvia","Rate","Total","Total","Human immunodeficiency virus [HIV] disease","0.1",""
"2001","Latvia","Rate","Total","Total","Human immunodeficiency virus [HIV] disease","0.3",""
"2002","Latvia","Rate","Total","Total","Human immunodeficiency virus [HIV] disease","0.2",""
"2003","Latvia","Rate","Total","Total","Human immunodeficiency virus [HIV] disease","0.5",""
"2004","Latvia","Rate","Total","Total","Human immunodeficiency virus [HIV] disease","0.7",""
"2005","Latvia","Rate","Total","Total","Human immunodeficiency virus [HIV] disease","1.1",""
"2006","Latvia","Rate","Total","Total","Human immunodeficiency virus [HIV] disease","1.2",""
"2007","Latvia","Rate","Total","Total","Human immunodeficiency virus [HIV] disease","1.8",""
"2008","Latvia","Rate","Total","Total","Human immunodeficiency virus [HIV] disease","2.6",""
"2009","Latvia","Rate","Total","Total","Human immunodeficiency virus [HIV] disease","3.0",""
"2010","Latvia","Rate","Total","Total","Human immunodeficiency virus [HIV] disease","2.7",""
"1994","Lithuania","Rate","Total","Total","Human immunodeficiency virus [HIV] disease",":",""
"1995","Lithuania","Rate","Total","Total","Human immunodeficiency virus [HIV] disease",":",""
"1996","Lithuania","Rate","Total","Total","Human immunodeficiency virus [HIV] disease",":",""
"1997","Lithuania","Rate","Total","Total","Human immunodeficiency virus [HIV] disease",":",""
"1998","Lithuania","Rate","Total","Total","Human immunodeficiency virus [HIV] disease","0.1",""
"1999","Lithuania","Rate","Total","Total","Human immunodeficiency virus [HIV] disease","0.0",""
"2000","Lithuania","Rate","Total","Total","Human immunodeficiency virus [HIV] disease","0.2",""
"2001","Lithuania","Rate","Total","Total","Human immunodeficiency virus [HIV] disease","0.1",""
"2002","Lithuania","Rate","Total","Total","Human immunodeficiency virus [HIV] disease","0.2",""
"2003","Lithuania","Rate","Total","Total","Human immunodeficiency virus [HIV] disease","0.2",""
"2004","Lithuania","Rate","Total","Total","Human immunodeficiency virus [HIV] disease","0.2",""
"2005","Lithuania","Rate","Total","Total","Human immunodeficiency virus [HIV] disease","0.1",""
"2006","Lithuania","Rate","Total","Total","Human immunodeficiency virus [HIV] disease","0.2",""
"2007","Lithuania","Rate","Total","Total","Human immunodeficiency virus [HIV] disease","0.3",""
"2008","Lithuania","Rate","Total","Total","Human immunodeficiency virus [HIV] disease","0.4",""
"2009","Lithuania","Rate","Total","Total","Human immunodeficiency virus [HIV] disease","0.4",""
"2010","Lithuania","Rate","Total","Total","Human immunodeficiency virus [HIV] disease","0.6",""
"1994","Luxembourg","Rate","Total","Total","Human immunodeficiency virus [HIV] disease","3.3",""
"1995","Luxembourg","Rate","Total","Total","Human immunodeficiency virus [HIV] disease","1.5",""
"1996","Luxembourg","Rate","Total","Total","Human immunodeficiency virus [HIV] disease","0.7",""
"1997","Luxembourg","Rate","Total","Total","Human immunodeficiency virus [HIV] disease",":",""
"1998","Luxembourg","Rate","Total","Total","Human immunodeficiency virus [HIV] disease","1.1",""
"1999","Luxembourg","Rate","Total","Total","Human immunodeficiency virus [HIV] disease","0.9",""
"2000","Luxembourg","Rate","Total","Total","Human immunodeficiency virus [HIV] disease","0.4",""
"2001","Luxembourg","Rate","Total","Total","Human immunodeficiency virus [HIV] disease","0.2",""
"2002","Luxembourg","Rate","Total","Total","Human immunodeficiency virus [HIV] disease","0.8",""
"2003","Luxembourg","Rate","Total","Total","Human immunodeficiency virus [HIV] disease","0.7",""
"2004","Luxembourg","Rate","Total","Total","Human immunodeficiency virus [HIV] disease","0.6",""
"2005","Luxembourg","Rate","Total","Total","Human immunodeficiency virus [HIV] disease","0.2",""
"2006","Luxembourg","Rate","Total","Total","Human immunodeficiency virus [HIV] disease","1.1",""
"2007","Luxembourg","Rate","Total","Total","Human immunodeficiency virus [HIV] disease","0.8",""
"2008","Luxembourg","Rate","Total","Total","Human immunodeficiency virus [HIV] disease","0.9",""
"2009","Luxembourg","Rate","Total","Total","Human immunodeficiency virus [HIV] disease","0.2",""
"2010","Luxembourg","Rate","Total","Total","Human immunodeficiency virus [HIV] disease","0.2",""
"1994","Hungary","Rate","Total","Total","Human immunodeficiency virus [HIV] disease","0.3",""
"1995","Hungary","Rate","Total","Total","Human immunodeficiency virus [HIV] disease","0.1",""
"1996","Hungary","Rate","Total","Total","Human immunodeficiency virus [HIV] disease","0.2",""
"1997","Hungary","Rate","Total","Total","Human immunodeficiency virus [HIV] disease","0.2",""
"1998","Hungary","Rate","Total","Total","Human immunodeficiency virus [HIV] disease","0.2",""
"1999","Hungary","Rate","Total","Total","Human immunodeficiency virus [HIV] disease","0.1",""
"2000","Hungary","Rate","Total","Total","Human immunodeficiency virus [HIV] disease","0.1",""
"2001","Hungary","Rate","Total","Total","Human immunodeficiency virus [HIV] disease","0.1",""
"2002","Hungary","Rate","Total","Total","Human immunodeficiency virus [HIV] disease","0.1",""
"2003","Hungary","Rate","Total","Total","Human immunodeficiency virus [HIV] disease","0.1",""
"2004","Hungary","Rate","Total","Total","Human immunodeficiency virus [HIV] disease","0.1",""
"2005","Hungary","Rate","Total","Total","Human immunodeficiency virus [HIV] disease","0.1",""
"2006","Hungary","Rate","Total","Total","Human immunodeficiency virus [HIV] disease","0.0",""
"2007","Hungary","Rate","Total","Total","Human immunodeficiency virus [HIV] disease","0.1",""
"2008","Hungary","Rate","Total","Total","Human immunodeficiency virus [HIV] disease","0.0",""
"2009","Hungary","Rate","Total","Total","Human immunodeficiency virus [HIV] disease","0.1",""
"2010","Hungary","Rate","Total","Total","Human immunodeficiency virus [HIV] disease","0.1",""
"1994","Malta","Rate","Total","Total","Human immunodeficiency virus [HIV] disease",":",""
"1995","Malta","Rate","Total","Total","Human immunodeficiency virus [HIV] disease","0.2",""
"1996","Malta","Rate","Total","Total","Human immunodeficiency virus [HIV] disease","2.0",""
"1997","Malta","Rate","Total","Total","Human immunodeficiency virus [HIV] disease","0.5",""
"1998","Malta","Rate","Total","Total","Human immunodeficiency virus [HIV] disease","0.8",""
"1999","Malta","Rate","Total","Total","Human immunodeficiency virus [HIV] disease","0.2",""
"2000","Malta","Rate","Total","Total","Human immunodeficiency virus [HIV] disease","0.5",""
"2001","Malta","Rate","Total","Total","Human immunodeficiency virus [HIV] disease",":",""
"2002","Malta","Rate","Total","Total","Human immunodeficiency virus [HIV] disease","0.4",""
"2003","Malta","Rate","Total","Total","Human immunodeficiency virus [HIV] disease","0.2",""
"2004","Malta","Rate","Total","Total","Human immunodeficiency virus [HIV] disease","0.5",""
"2005","Malta","Rate","Total","Total","Human immunodeficiency virus [HIV] disease","0.2",""
"2006","Malta","Rate","Total","Total","Human immunodeficiency virus [HIV] disease","1.2",""
"2007","Malta","Rate","Total","Total","Human immunodeficiency virus [HIV] disease","0.2",""
"2008","Malta","Rate","Total","Total","Human immunodeficiency virus [HIV] disease",":",""
"2009","Malta","Rate","Total","Total","Human immunodeficiency virus [HIV] disease",":",""
"2010","Malta","Rate","Total","Total","Human immunodeficiency virus [HIV] disease","0.3",""
"1994","Netherlands","Rate","Total","Total","Human immunodeficiency virus [HIV] disease","2.7",""
"1995","Netherlands","Rate","Total","Total","Human immunodeficiency virus [HIV] disease","2.6",""
"1996","Netherlands","Rate","Total","Total","Human immunodeficiency virus [HIV] disease","2.0",""
"1997","Netherlands","Rate","Total","Total","Human immunodeficiency virus [HIV] disease","1.1",""
"1998","Netherlands","Rate","Total","Total","Human immunodeficiency virus [HIV] disease","0.8",""
"1999","Netherlands","Rate","Total","Total","Human immunodeficiency virus [HIV] disease","0.8",""
"2000","Netherlands","Rate","Total","Total","Human immunodeficiency virus [HIV] disease","0.8",""
"2001","Netherlands","Rate","Total","Total","Human immunodeficiency virus [HIV] disease","0.7",""
"2002","Netherlands","Rate","Total","Total","Human immunodeficiency virus [HIV] disease","0.5",""
"2003","Netherlands","Rate","Total","Total","Human immunodeficiency virus [HIV] disease","0.5",""
"2004","Netherlands","Rate","Total","Total","Human immunodeficiency virus [HIV] disease","0.5",""
"2005","Netherlands","Rate","Total","Total","Human immunodeficiency virus [HIV] disease","0.5",""
"2006","Netherlands","Rate","Total","Total","Human immunodeficiency virus [HIV] disease","0.3",""
"2007","Netherlands","Rate","Total","Total","Human immunodeficiency virus [HIV] disease","0.4",""
"2008","Netherlands","Rate","Total","Total","Human immunodeficiency virus [HIV] disease","0.3",""
"2009","Netherlands","Rate","Total","Total","Human immunodeficiency virus [HIV] disease","0.4",""
"2010","Netherlands","Rate","Total","Total","Human immunodeficiency virus [HIV] disease","0.3",""
"1994","Austria","Rate","Total","Total","Human immunodeficiency virus [HIV] disease","2.1",""
"1995","Austria","Rate","Total","Total","Human immunodeficiency virus [HIV] disease","2.1",""
"1996","Austria","Rate","Total","Total","Human immunodeficiency virus [HIV] disease","1.3",""
"1997","Austria","Rate","Total","Total","Human immunodeficiency virus [HIV] disease","0.7",""
"1998","Austria","Rate","Total","Total","Human immunodeficiency virus [HIV] disease","0.7",""
"1999","Austria","Rate","Total","Total","Human immunodeficiency virus [HIV] disease","0.7",""
"2000","Austria","Rate","Total","Total","Human immunodeficiency virus [HIV] disease","0.6",""
"2001","Austria","Rate","Total","Total","Human immunodeficiency virus [HIV] disease","0.6",""
"2002","Austria","Rate","Total","Total","Human immunodeficiency virus [HIV] disease","0.6",""
"2003","Austria","Rate","Total","Total","Human immunodeficiency virus [HIV] disease","0.6",""
"2004","Austria","Rate","Total","Total","Human immunodeficiency virus [HIV] disease","0.6",""
"2005","Austria","Rate","Total","Total","Human immunodeficiency virus [HIV] disease","0.8",""
"2006","Austria","Rate","Total","Total","Human immunodeficiency virus [HIV] disease","0.5",""
"2007","Austria","Rate","Total","Total","Human immunodeficiency virus [HIV] disease","0.7",""
"2008","Austria","Rate","Total","Total","Human immunodeficiency virus [HIV] disease","0.5",""
"2009","Austria","Rate","Total","Total","Human immunodeficiency virus [HIV] disease","0.4",""
"2010","Austria","Rate","Total","Total","Human immunodeficiency virus [HIV] disease","0.5",""
"1994","Poland","Rate","Total","Total","Human immunodeficiency virus [HIV] disease","0.0",""
"1995","Poland","Rate","Total","Total","Human immunodeficiency virus [HIV] disease","0.0",""
"1996","Poland","Rate","Total","Total","Human immunodeficiency virus [HIV] disease","0.0",""
"1997","Poland","Rate","Total","Total","Human immunodeficiency virus [HIV] disease",":",""
"1998","Poland","Rate","Total","Total","Human immunodeficiency virus [HIV] disease",":",""
"1999","Poland","Rate","Total","Total","Human immunodeficiency virus [HIV] disease","0.3",""
"2000","Poland","Rate","Total","Total","Human immunodeficiency virus [HIV] disease","0.3",""
"2001","Poland","Rate","Total","Total","Human immunodeficiency virus [HIV] disease","0.3",""
"2002","Poland","Rate","Total","Total","Human immunodeficiency virus [HIV] disease","0.3",""
"2003","Poland","Rate","Total","Total","Human immunodeficiency virus [HIV] disease","0.3",""
"2004","Poland","Rate","Total","Total","Human immunodeficiency virus [HIV] disease","0.3",""
"2005","Poland","Rate","Total","Total","Human immunodeficiency virus [HIV] disease","0.3",""
"2006","Poland","Rate","Total","Total","Human immunodeficiency virus [HIV] disease","0.3",""
"2007","Poland","Rate","Total","Total","Human immunodeficiency virus [HIV] disease","0.3",""
"2008","Poland","Rate","Total","Total","Human immunodeficiency virus [HIV] disease","0.4",""
"2009","Poland","Rate","Total","Total","Human immunodeficiency virus [HIV] disease","0.2",""
"2010","Poland","Rate","Total","Total","Human immunodeficiency virus [HIV] disease","0.3",""
"1994","Portugal","Rate","Total","Total","Human immunodeficiency virus [HIV] disease","6.3",""
"1995","Portugal","Rate","Total","Total","Human immunodeficiency virus [HIV] disease","8.9",""
"1996","Portugal","Rate","Total","Total","Human immunodeficiency virus [HIV] disease","10.3",""
"1997","Portugal","Rate","Total","Total","Human immunodeficiency virus [HIV] disease","8.9",""
"1998","Portugal","Rate","Total","Total","Human immunodeficiency virus [HIV] disease","8.1",""
"1999","Portugal","Rate","Total","Total","Human immunodeficiency virus [HIV] disease","8.9",""
"2000","Portugal","Rate","Total","Total","Human immunodeficiency virus [HIV] disease","8.7",""
"2001","Portugal","Rate","Total","Total","Human immunodeficiency virus [HIV] disease","9.3",""
"2002","Portugal","Rate","Total","Total","Human immunodeficiency virus [HIV] disease","9.2",""
"2003","Portugal","Rate","Total","Total","Human immunodeficiency virus [HIV] disease","8.9",""
"2004","Portugal","Rate","Total","Total","Human immunodeficiency virus [HIV] disease","8.3",""
"2005","Portugal","Rate","Total","Total","Human immunodeficiency virus [HIV] disease","8.1",""
"2006","Portugal","Rate","Total","Total","Human immunodeficiency virus [HIV] disease","6.6",""
"2007","Portugal","Rate","Total","Total","Human immunodeficiency virus [HIV] disease","7.3",""
"2008","Portugal","Rate","Total","Total","Human immunodeficiency virus [HIV] disease","6.6",""
"2009","Portugal","Rate","Total","Total","Human immunodeficiency virus [HIV] disease","6.1",""
"2010","Portugal","Rate","Total","Total","Human immunodeficiency virus [HIV] disease","5.9",""
"1994","Romania","Rate","Total","Total","Human immunodeficiency virus [HIV] disease",":",""
"1995","Romania","Rate","Total","Total","Human immunodeficiency virus [HIV] disease",":",""
"1996","Romania","Rate","Total","Total","Human immunodeficiency virus [HIV] disease",":",""
"1997","Romania","Rate","Total","Total","Human immunodeficiency virus [HIV] disease",":",""
"1998","Romania","Rate","Total","Total","Human immunodeficiency virus [HIV] disease",":",""
"1999","Romania","Rate","Total","Total","Human immunodeficiency virus [HIV] disease","1.7",""
"2000","Romania","Rate","Total","Total","Human immunodeficiency virus [HIV] disease","1.7",""
"2001","Romania","Rate","Total","Total","Human immunodeficiency virus [HIV] disease","1.8",""
"2002","Romania","Rate","Total","Total","Human immunodeficiency virus [HIV] disease","1.4",""
"2003","Romania","Rate","Total","Total","Human immunodeficiency virus [HIV] disease","1.1",""
"2004","Romania","Rate","Total","Total","Human immunodeficiency virus [HIV] disease","1.0",""
"2005","Romania","Rate","Total","Total","Human immunodeficiency virus [HIV] disease","0.9",""
"2006","Romania","Rate","Total","Total","Human immunodeficiency virus [HIV] disease","0.8",""
"2007","Romania","Rate","Total","Total","Human immunodeficiency virus [HIV] disease","0.7",""
"2008","Romania","Rate","Total","Total","Human immunodeficiency virus [HIV] disease","0.6",""
"2009","Romania","Rate","Total","Total","Human immunodeficiency virus [HIV] disease","0.6",""
"2010","Romania","Rate","Total","Total","Human immunodeficiency virus [HIV] disease","0.6",""
"1994","Slovenia","Rate","Total","Total","Human immunodeficiency virus [HIV] disease","0.1",""
"1995","Slovenia","Rate","Total","Total","Human immunodeficiency virus [HIV] disease","0.6",""
"1996","Slovenia","Rate","Total","Total","Human immunodeficiency virus [HIV] disease","0.3",""
"1997","Slovenia","Rate","Total","Total","Human immunodeficiency virus [HIV] disease","0.1",""
"1998","Slovenia","Rate","Total","Total","Human immunodeficiency virus [HIV] disease","0.5",""
"1999","Slovenia","Rate","Total","Total","Human immunodeficiency virus [HIV] disease","0.3",""
"2000","Slovenia","Rate","Total","Total","Human immunodeficiency virus [HIV] disease","0.2",""
"2001","Slovenia","Rate","Total","Total","Human immunodeficiency virus [HIV] disease","0.4",""
"2002","Slovenia","Rate","Total","Total","Human immunodeficiency virus [HIV] disease","0.1",""
"2003","Slovenia","Rate","Total","Total","Human immunodeficiency virus [HIV] disease","0.0",""
"2004","Slovenia","Rate","Total","Total","Human immunodeficiency virus [HIV] disease","0.1",""
"2005","Slovenia","Rate","Total","Total","Human immunodeficiency virus [HIV] disease","0.1",""
"2006","Slovenia","Rate","Total","Total","Human immunodeficiency virus [HIV] disease",":",""
"2007","Slovenia","Rate","Total","Total","Human immunodeficiency virus [HIV] disease","0.1",""
"2008","Slovenia","Rate","Total","Total","Human immunodeficiency virus [HIV] disease","0.2",""
"2009","Slovenia","Rate","Total","Total","Human immunodeficiency virus [HIV] disease","0.1",""
"2010","Slovenia","Rate","Total","Total","Human immunodeficiency virus [HIV] disease",":",""
"1994","Slovakia","Rate","Total","Total","Human immunodeficiency virus [HIV] disease",":",""
"1995","Slovakia","Rate","Total","Total","Human immunodeficiency virus [HIV] disease",":",""
"1996","Slovakia","Rate","Total","Total","Human immunodeficiency virus [HIV] disease","0.0",""
"1997","Slovakia","Rate","Total","Total","Human immunodeficiency virus [HIV] disease","0.0",""
"1998","Slovakia","Rate","Total","Total","Human immunodeficiency virus [HIV] disease","0.1",""
"1999","Slovakia","Rate","Total","Total","Human immunodeficiency virus [HIV] disease",":",""
"2000","Slovakia","Rate","Total","Total","Human immunodeficiency virus [HIV] disease","0.0",""
"2001","Slovakia","Rate","Total","Total","Human immunodeficiency virus [HIV] disease","0.0",""
"2002","Slovakia","Rate","Total","Total","Human immunodeficiency virus [HIV] disease","0.0",""
"2003","Slovakia","Rate","Total","Total","Human immunodeficiency virus [HIV] disease",":",""
"2004","Slovakia","Rate","Total","Total","Human immunodeficiency virus [HIV] disease","0.0",""
"2005","Slovakia","Rate","Total","Total","Human immunodeficiency virus [HIV] disease",":",""
"2006","Slovakia","Rate","Total","Total","Human immunodeficiency virus [HIV] disease","0.0",""
"2007","Slovakia","Rate","Total","Total","Human immunodeficiency virus [HIV] disease","0.0",""
"2008","Slovakia","Rate","Total","Total","Human immunodeficiency virus [HIV] disease","0.0",""
"2009","Slovakia","Rate","Total","Total","Human immunodeficiency virus [HIV] disease","0.0",""
"2010","Slovakia","Rate","Total","Total","Human immunodeficiency virus [HIV] disease","0.0",""
"1994","Finland","Rate","Total","Total","Human immunodeficiency virus [HIV] disease","0.5",""
"1995","Finland","Rate","Total","Total","Human immunodeficiency virus [HIV] disease","0.6",""
"1996","Finland","Rate","Total","Total","Human immunodeficiency virus [HIV] disease","0.5",""
"1997","Finland","Rate","Total","Total","Human immunodeficiency virus [HIV] disease","0.1",""
"1998","Finland","Rate","Total","Total","Human immunodeficiency virus [HIV] disease","0.1",""
"1999","Finland","Rate","Total","Total","Human immunodeficiency virus [HIV] disease","0.2",""
"2000","Finland","Rate","Total","Total","Human immunodeficiency virus [HIV] disease","0.2",""
"2001","Finland","Rate","Total","Total","Human immunodeficiency virus [HIV] disease","0.1",""
"2002","Finland","Rate","Total","Total","Human immunodeficiency virus [HIV] disease","0.1",""
"2003","Finland","Rate","Total","Total","Human immunodeficiency virus [HIV] disease","0.1",""
"2004","Finland","Rate","Total","Total","Human immunodeficiency virus [HIV] disease","0.2",""
"2005","Finland","Rate","Total","Total","Human immunodeficiency virus [HIV] disease","0.2",""
"2006","Finland","Rate","Total","Total","Human immunodeficiency virus [HIV] disease","0.2",""
"2007","Finland","Rate","Total","Total","Human immunodeficiency virus [HIV] disease","0.2",""
"2008","Finland","Rate","Total","Total","Human immunodeficiency virus [HIV] disease","0.1",""
"2009","Finland","Rate","Total","Total","Human immunodeficiency virus [HIV] disease","0.1",""
"2010","Finland","Rate","Total","Total","Human immunodeficiency virus [HIV] disease","0.1",""
"1994","Sweden","Rate","Total","Total","Human immunodeficiency virus [HIV] disease","1.0",""
"1995","Sweden","Rate","Total","Total","Human immunodeficiency virus [HIV] disease","1.0",""
"1996","Sweden","Rate","Total","Total","Human immunodeficiency virus [HIV] disease","0.8",""
"1997","Sweden","Rate","Total","Total","Human immunodeficiency virus [HIV] disease","0.6",""
"1998","Sweden","Rate","Total","Total","Human immunodeficiency virus [HIV] disease","0.3",""
"1999","Sweden","Rate","Total","Total","Human immunodeficiency virus [HIV] disease","0.3",""
"2000","Sweden","Rate","Total","Total","Human immunodeficiency virus [HIV] disease","0.3",""
"2001","Sweden","Rate","Total","Total","Human immunodeficiency virus [HIV] disease","0.4",""
"2002","Sweden","Rate","Total","Total","Human immunodeficiency virus [HIV] disease","0.3",""
"2003","Sweden","Rate","Total","Total","Human immunodeficiency virus [HIV] disease","0.3",""
"2004","Sweden","Rate","Total","Total","Human immunodeficiency virus [HIV] disease","0.2",""
"2005","Sweden","Rate","Total","Total","Human immunodeficiency virus [HIV] disease","0.4",""
"2006","Sweden","Rate","Total","Total","Human immunodeficiency virus [HIV] disease","0.3",""
"2007","Sweden","Rate","Total","Total","Human immunodeficiency virus [HIV] disease","0.3",""
"2008","Sweden","Rate","Total","Total","Human immunodeficiency virus [HIV] disease","0.2",""
"2009","Sweden","Rate","Total","Total","Human immunodeficiency virus [HIV] disease","0.3",""
"2010","Sweden","Rate","Total","Total","Human immunodeficiency virus [HIV] disease","0.1",""
"1994","United Kingdom","Rate","Total","Total","Human immunodeficiency virus [HIV] disease","1.0",""
"1995","United Kingdom","Rate","Total","Total","Human immunodeficiency virus [HIV] disease","0.9",""
"1996","United Kingdom","Rate","Total","Total","Human immunodeficiency virus [HIV] disease","0.9",""
"1997","United Kingdom","Rate","Total","Total","Human immunodeficiency virus [HIV] disease","0.5",""
"1998","United Kingdom","Rate","Total","Total","Human immunodeficiency virus [HIV] disease","0.3",""
"1999","United Kingdom","Rate","Total","Total","Human immunodeficiency virus [HIV] disease","0.3",""
"2000","United Kingdom","Rate","Total","Total","Human immunodeficiency virus [HIV] disease","0.3",""
"2001","United Kingdom","Rate","Total","Total","Human immunodeficiency virus [HIV] disease","0.3",""
"2002","United Kingdom","Rate","Total","Total","Human immunodeficiency virus [HIV] disease","0.4",""
"2003","United Kingdom","Rate","Total","Total","Human immunodeficiency virus [HIV] disease","0.4",""
"2004","United Kingdom","Rate","Total","Total","Human immunodeficiency virus [HIV] disease","0.3",""
"2005","United Kingdom","Rate","Total","Total","Human immunodeficiency virus [HIV] disease","0.4",""
"2006","United Kingdom","Rate","Total","Total","Human immunodeficiency virus [HIV] disease","0.4",""
"2007","United Kingdom","Rate","Total","Total","Human immunodeficiency virus [HIV] disease","0.4",""
"2008","United Kingdom","Rate","Total","Total","Human immunodeficiency virus [HIV] disease","0.4",""
"2009","United Kingdom","Rate","Total","Total","Human immunodeficiency virus [HIV] disease","0.4",""
"2010","United Kingdom","Rate","Total","Total","Human immunodeficiency virus [HIV] disease","0.4",""
"1994","Iceland","Rate","Total","Total","Human immunodeficiency virus [HIV] disease","1.4",""
"1995","Iceland","Rate","Total","Total","Human immunodeficiency virus [HIV] disease","1.1",""
"1996","Iceland","Rate","Total","Total","Human immunodeficiency virus [HIV] disease","0.5",""
"1997","Iceland","Rate","Total","Total","Human immunodeficiency virus [HIV] disease","0.4",""
"1998","Iceland","Rate","Total","Total","Human immunodeficiency virus [HIV] disease",":",""
"1999","Iceland","Rate","Total","Total","Human immunodeficiency virus [HIV] disease","0.3",""
"2000","Iceland","Rate","Total","Total","Human immunodeficiency virus [HIV] disease","0.3",""
"2001","Iceland","Rate","Total","Total","Human immunodeficiency virus [HIV] disease","0.8",""
"2002","Iceland","Rate","Total","Total","Human immunodeficiency virus [HIV] disease",":",""
"2003","Iceland","Rate","Total","Total","Human immunodeficiency virus [HIV] disease",":",""
"2004","Iceland","Rate","Total","Total","Human immunodeficiency virus [HIV] disease","0.3",""
"2005","Iceland","Rate","Total","Total","Human immunodeficiency virus [HIV] disease",":",""
"2006","Iceland","Rate","Total","Total","Human immunodeficiency virus [HIV] disease","1.0",""
"2007","Iceland","Rate","Total","Total","Human immunodeficiency virus [HIV] disease",":",""
"2008","Iceland","Rate","Total","Total","Human immunodeficiency virus [HIV] disease",":",""
"2009","Iceland","Rate","Total","Total","Human immunodeficiency virus [HIV] disease","0.3",""
"2010","Iceland","Rate","Total","Total","Human immunodeficiency virus [HIV] disease",":",""
"1994","Liechtenstein","Rate","Total","Total","Human immunodeficiency virus [HIV] disease",":",""
"1995","Liechtenstein","Rate","Total","Total","Human immunodeficiency virus [HIV] disease",":",""
"1996","Liechtenstein","Rate","Total","Total","Human immunodeficiency virus [HIV] disease",":",""
"1997","Liechtenstein","Rate","Total","Total","Human immunodeficiency virus [HIV] disease",":",""
"1998","Liechtenstein","Rate","Total","Total","Human immunodeficiency virus [HIV] disease",":",""
"1999","Liechtenstein","Rate","Total","Total","Human immunodeficiency virus [HIV] disease",":",""
"2000","Liechtenstein","Rate","Total","Total","Human immunodeficiency virus [HIV] disease",":",""
"2001","Liechtenstein","Rate","Total","Total","Human immunodeficiency virus [HIV] disease",":",""
"2002","Liechtenstein","Rate","Total","Total","Human immunodeficiency virus [HIV] disease",":",""
"2003","Liechtenstein","Rate","Total","Total","Human immunodeficiency virus [HIV] disease",":",""
"2004","Liechtenstein","Rate","Total","Total","Human immunodeficiency virus [HIV] disease",":",""
"2005","Liechtenstein","Rate","Total","Total","Human immunodeficiency virus [HIV] disease",":",""
"2006","Liechtenstein","Rate","Total","Total","Human immunodeficiency virus [HIV] disease",":",""
"2007","Liechtenstein","Rate","Total","Total","Human immunodeficiency virus [HIV] disease",":",""
"2008","Liechtenstein","Rate","Total","Total","Human immunodeficiency virus [HIV] disease",":",""
"2009","Liechtenstein","Rate","Total","Total","Human immunodeficiency virus [HIV] disease",":",""
"2010","Liechtenstein","Rate","Total","Total","Human immunodeficiency virus [HIV] disease","2.2",""
"1994","Norway","Rate","Total","Total","Human immunodeficiency virus [HIV] disease","1.2",""
"1995","Norway","Rate","Total","Total","Human immunodeficiency virus [HIV] disease","1.3",""
"1996","Norway","Rate","Total","Total","Human immunodeficiency virus [HIV] disease","1.2",""
"1997","Norway","Rate","Total","Total","Human immunodeficiency virus [HIV] disease","0.5",""
"1998","Norway","Rate","Total","Total","Human immunodeficiency virus [HIV] disease","0.6",""
"1999","Norway","Rate","Total","Total","Human immunodeficiency virus [HIV] disease","0.3",""
"2000","Norway","Rate","Total","Total","Human immunodeficiency virus [HIV] disease","0.3",""
"2001","Norway","Rate","Total","Total","Human immunodeficiency virus [HIV] disease","0.2",""
"2002","Norway","Rate","Total","Total","Human immunodeficiency virus [HIV] disease","0.3",""
"2003","Norway","Rate","Total","Total","Human immunodeficiency virus [HIV] disease","0.4",""
"2004","Norway","Rate","Total","Total","Human immunodeficiency virus [HIV] disease","0.5",""
"2005","Norway","Rate","Total","Total","Human immunodeficiency virus [HIV] disease","0.6",""
"2006","Norway","Rate","Total","Total","Human immunodeficiency virus [HIV] disease","0.3",""
"2007","Norway","Rate","Total","Total","Human immunodeficiency virus [HIV] disease","0.2",""
"2008","Norway","Rate","Total","Total","Human immunodeficiency virus [HIV] disease","0.2",""
"2009","Norway","Rate","Total","Total","Human immunodeficiency virus [HIV] disease","0.4",""
"2010","Norway","Rate","Total","Total","Human immunodeficiency virus [HIV] disease","0.2",""
"1994","Switzerland","Rate","Total","Total","Human immunodeficiency virus [HIV] disease",":",""
"1995","Switzerland","Rate","Total","Total","Human immunodeficiency virus [HIV] disease","7.7",""
"1996","Switzerland","Rate","Total","Total","Human immunodeficiency virus [HIV] disease","5.6",""
"1997","Switzerland","Rate","Total","Total","Human immunodeficiency virus [HIV] disease","3.4",""
"1998","Switzerland","Rate","Total","Total","Human immunodeficiency virus [HIV] disease","2.3",""
"1999","Switzerland","Rate","Total","Total","Human immunodeficiency virus [HIV] disease","1.9",""
"2000","Switzerland","Rate","Total","Total","Human immunodeficiency virus [HIV] disease","1.7",""
"2001","Switzerland","Rate","Total","Total","Human immunodeficiency virus [HIV] disease","1.6",""
"2002","Switzerland","Rate","Total","Total","Human immunodeficiency virus [HIV] disease","1.3",""
"2003","Switzerland","Rate","Total","Total","Human immunodeficiency virus [HIV] disease","1.2",""
"2004","Switzerland","Rate","Total","Total","Human immunodeficiency virus [HIV] disease","1.0",""
"2005","Switzerland","Rate","Total","Total","Human immunodeficiency virus [HIV] disease","1.0",""
"2006","Switzerland","Rate","Total","Total","Human immunodeficiency virus [HIV] disease","1.0",""
"2007","Switzerland","Rate","Total","Total","Human immunodeficiency virus [HIV] disease","0.8",""
"2008","Switzerland","Rate","Total","Total","Human immunodeficiency virus [HIV] disease","0.6",""
"2009","Switzerland","Rate","Total","Total","Human immunodeficiency virus [HIV] disease","0.6",""
"2010","Switzerland","Rate","Total","Total","Human immunodeficiency virus [HIV] disease","0.5",""
"1994","Former Yugoslav Republic of Macedonia, the","Rate","Total","Total","Human immunodeficiency virus [HIV] disease",":",""
"1995","Former Yugoslav Republic of Macedonia, the","Rate","Total","Total","Human immunodeficiency virus [HIV] disease",":",""
"1996","Former Yugoslav Republic of Macedonia, the","Rate","Total","Total","Human immunodeficiency virus [HIV] disease",":",""
"1997","Former Yugoslav Republic of Macedonia, the","Rate","Total","Total","Human immunodeficiency virus [HIV] disease",":",""
"1998","Former Yugoslav Republic of Macedonia, the","Rate","Total","Total","Human immunodeficiency virus [HIV] disease",":",""
"1999","Former Yugoslav Republic of Macedonia, the","Rate","Total","Total","Human immunodeficiency virus [HIV] disease","0.0",""
"2000","Former Yugoslav Republic of Macedonia, the","Rate","Total","Total","Human immunodeficiency virus [HIV] disease",":",""
"2001","Former Yugoslav Republic of Macedonia, the","Rate","Total","Total","Human immunodeficiency virus [HIV] disease","0.1",""
"2002","Former Yugoslav Republic of Macedonia, the","Rate","Total","Total","Human immunodeficiency virus [HIV] disease",":",""
"2003","Former Yugoslav Republic of Macedonia, the","Rate","Total","Total","Human immunodeficiency virus [HIV] disease",":",""
"2004","Former Yugoslav Republic of Macedonia, the","Rate","Total","Total","Human immunodeficiency virus [HIV] disease",":",""
"2005","Former Yugoslav Republic of Macedonia, the","Rate","Total","Total","Human immunodeficiency virus [HIV] disease",":",""
"2006","Former Yugoslav Republic of Macedonia, the","Rate","Total","Total","Human immunodeficiency virus [HIV] disease","0.1",""
"2007","Former Yugoslav Republic of Macedonia, the","Rate","Total","Total","Human immunodeficiency virus [HIV] disease","0.0",""
"2008","Former Yugoslav Republic of Macedonia, the","Rate","Total","Total","Human immunodeficiency virus [HIV] disease","0.1",""
"2009","Former Yugoslav Republic of Macedonia, the","Rate","Total","Total","Human immunodeficiency virus [HIV] disease",":",""
"2010","Former Yugoslav Republic of Macedonia, the","Rate","Total","Total","Human immunodeficiency virus [HIV] disease",":",""
"1994","Albania","Rate","Total","Total","Human immunodeficiency virus [HIV] disease",":",""
"1995","Albania","Rate","Total","Total","Human immunodeficiency virus [HIV] disease",":",""
"1996","Albania","Rate","Total","Total","Human immunodeficiency virus [HIV] disease",":",""
"1997","Albania","Rate","Total","Total","Human immunodeficiency virus [HIV] disease",":",""
"1998","Albania","Rate","Total","Total","Human immunodeficiency virus [HIV] disease",":",""
"1999","Albania","Rate","Total","Total","Human immunodeficiency virus [HIV] disease",":",""
"2000","Albania","Rate","Total","Total","Human immunodeficiency virus [HIV] disease",":",""
"2001","Albania","Rate","Total","Total","Human immunodeficiency virus [HIV] disease",":",""
"2002","Albania","Rate","Total","Total","Human immunodeficiency virus [HIV] disease",":",""
"2003","Albania","Rate","Total","Total","Human immunodeficiency virus [HIV] disease",":",""
"2004","Albania","Rate","Total","Total","Human immunodeficiency virus [HIV] disease","0.2",""
"2005","Albania","Rate","Total","Total","Human immunodeficiency virus [HIV] disease",":",""
"2006","Albania","Rate","Total","Total","Human immunodeficiency virus [HIV] disease",":",""
"2007","Albania","Rate","Total","Total","Human immunodeficiency virus [HIV] disease",":",""
"2008","Albania","Rate","Total","Total","Human immunodeficiency virus [HIV] disease",":",""
"2009","Albania","Rate","Total","Total","Human immunodeficiency virus [HIV] disease",":",""
"2010","Albania","Rate","Total","Total","Human immunodeficiency virus [HIV] disease",":",""
