"TIME","GEO","HHTYP","Value","Flag and Footnotes"
"2003","European Union (28 countries)","Child not living with parents",":",""
"2003","European Union (28 countries)","Child living with a single parent",":",""
"2003","European Union (27 countries)","Child not living with parents",":",""
"2003","European Union (27 countries)","Child living with a single parent",":",""
"2003","European Union (15 countries)","Child not living with parents",":",""
"2003","European Union (15 countries)","Child living with a single parent",":",""
"2003","New Member States (12 countries)","Child not living with parents",":",""
"2003","New Member States (12 countries)","Child living with a single parent",":",""
"2003","Euro area (18 countries)","Child not living with parents",":",""
"2003","Euro area (18 countries)","Child living with a single parent",":",""
"2003","Euro area (17 countries)","Child not living with parents",":",""
"2003","Euro area (17 countries)","Child living with a single parent",":",""
"2003","Belgium","Child not living with parents","8.7",""
"2003","Belgium","Child living with a single parent","21.8",""
"2003","Bulgaria","Child not living with parents",":",""
"2003","Bulgaria","Child living with a single parent",":",""
"2003","Czech Republic","Child not living with parents",":",""
"2003","Czech Republic","Child living with a single parent",":",""
"2003","Denmark","Child not living with parents","0.5",""
"2003","Denmark","Child living with a single parent","26.1",""
"2003","Germany (until 1990 former territory of the FRG)","Child not living with parents",":",""
"2003","Germany (until 1990 former territory of the FRG)","Child living with a single parent",":",""
"2003","Estonia","Child not living with parents",":",""
"2003","Estonia","Child living with a single parent",":",""
"2003","Ireland","Child not living with parents","1.4",""
"2003","Ireland","Child living with a single parent","17.6",""
"2003","Greece","Child not living with parents","0.7",""
"2003","Greece","Child living with a single parent","5.8",""
"2003","Spain","Child not living with parents",":",""
"2003","Spain","Child living with a single parent",":",""
"2003","France","Child not living with parents",":",""
"2003","France","Child living with a single parent",":",""
"2003","Croatia","Child not living with parents",":",""
"2003","Croatia","Child living with a single parent",":",""
"2003","Italy","Child not living with parents",":",""
"2003","Italy","Child living with a single parent",":",""
"2003","Cyprus","Child not living with parents",":",""
"2003","Cyprus","Child living with a single parent",":",""
"2003","Latvia","Child not living with parents",":",""
"2003","Latvia","Child living with a single parent",":",""
"2003","Lithuania","Child not living with parents",":",""
"2003","Lithuania","Child living with a single parent",":",""
"2003","Luxembourg","Child not living with parents","0.5",""
"2003","Luxembourg","Child living with a single parent","13.0",""
"2003","Hungary","Child not living with parents",":",""
"2003","Hungary","Child living with a single parent",":",""
"2003","Malta","Child not living with parents",":",""
"2003","Malta","Child living with a single parent",":",""
"2003","Netherlands","Child not living with parents",":",""
"2003","Netherlands","Child living with a single parent",":",""
"2003","Austria","Child not living with parents","2.0",""
"2003","Austria","Child living with a single parent","16.8",""
"2003","Poland","Child not living with parents",":",""
"2003","Poland","Child living with a single parent",":",""
"2003","Portugal","Child not living with parents",":",""
"2003","Portugal","Child living with a single parent",":",""
"2003","Romania","Child not living with parents",":",""
"2003","Romania","Child living with a single parent",":",""
"2003","Slovenia","Child not living with parents",":",""
"2003","Slovenia","Child living with a single parent",":",""
"2003","Slovakia","Child not living with parents",":",""
"2003","Slovakia","Child living with a single parent",":",""
"2003","Finland","Child not living with parents",":",""
"2003","Finland","Child living with a single parent",":",""
"2003","Sweden","Child not living with parents",":",""
"2003","Sweden","Child living with a single parent",":",""
"2003","United Kingdom","Child not living with parents",":",""
"2003","United Kingdom","Child living with a single parent",":",""
"2003","Iceland","Child not living with parents",":",""
"2003","Iceland","Child living with a single parent",":",""
"2003","Norway","Child not living with parents","1.6",""
"2003","Norway","Child living with a single parent","17.7",""
"2003","Switzerland","Child not living with parents",":",""
"2003","Switzerland","Child living with a single parent",":",""
"2003","Former Yugoslav Republic of Macedonia, the","Child not living with parents",":",""
"2003","Former Yugoslav Republic of Macedonia, the","Child living with a single parent",":",""
"2003","Serbia","Child not living with parents",":",""
"2003","Serbia","Child living with a single parent",":",""
"2003","Turkey","Child not living with parents",":",""
"2003","Turkey","Child living with a single parent",":",""
"2004","European Union (28 countries)","Child not living with parents",":",""
"2004","European Union (28 countries)","Child living with a single parent",":",""
"2004","European Union (27 countries)","Child not living with parents",":",""
"2004","European Union (27 countries)","Child living with a single parent",":",""
"2004","European Union (15 countries)","Child not living with parents",":",""
"2004","European Union (15 countries)","Child living with a single parent",":",""
"2004","New Member States (12 countries)","Child not living with parents",":",""
"2004","New Member States (12 countries)","Child living with a single parent",":",""
"2004","Euro area (18 countries)","Child not living with parents",":",""
"2004","Euro area (18 countries)","Child living with a single parent",":",""
"2004","Euro area (17 countries)","Child not living with parents",":",""
"2004","Euro area (17 countries)","Child living with a single parent",":",""
"2004","Belgium","Child not living with parents","3.5",""
"2004","Belgium","Child living with a single parent","22.9",""
"2004","Bulgaria","Child not living with parents",":",""
"2004","Bulgaria","Child living with a single parent",":",""
"2004","Czech Republic","Child not living with parents",":",""
"2004","Czech Republic","Child living with a single parent",":",""
"2004","Denmark","Child not living with parents","0.5",""
"2004","Denmark","Child living with a single parent","24.5",""
"2004","Germany (until 1990 former territory of the FRG)","Child not living with parents",":",""
"2004","Germany (until 1990 former territory of the FRG)","Child living with a single parent",":",""
"2004","Estonia","Child not living with parents","1.4",""
"2004","Estonia","Child living with a single parent","25.7",""
"2004","Ireland","Child not living with parents","0.9",""
"2004","Ireland","Child living with a single parent","19.4",""
"2004","Greece","Child not living with parents","0.5",""
"2004","Greece","Child living with a single parent","6.6",""
"2004","Spain","Child not living with parents","1.0",""
"2004","Spain","Child living with a single parent","13.0",""
"2004","France","Child not living with parents","1.3",""
"2004","France","Child living with a single parent","19.9",""
"2004","Croatia","Child not living with parents",":",""
"2004","Croatia","Child living with a single parent",":",""
"2004","Italy","Child not living with parents","1.0",""
"2004","Italy","Child living with a single parent","12.3",""
"2004","Cyprus","Child not living with parents",":",""
"2004","Cyprus","Child living with a single parent",":",""
"2004","Latvia","Child not living with parents",":",""
"2004","Latvia","Child living with a single parent",":",""
"2004","Lithuania","Child not living with parents",":",""
"2004","Lithuania","Child living with a single parent",":",""
"2004","Luxembourg","Child not living with parents","0.3",""
"2004","Luxembourg","Child living with a single parent","8.9",""
"2004","Hungary","Child not living with parents",":",""
"2004","Hungary","Child living with a single parent",":",""
"2004","Malta","Child not living with parents",":",""
"2004","Malta","Child living with a single parent",":",""
"2004","Netherlands","Child not living with parents",":",""
"2004","Netherlands","Child living with a single parent",":",""
"2004","Austria","Child not living with parents","2.0",""
"2004","Austria","Child living with a single parent","16.5",""
"2004","Poland","Child not living with parents",":",""
"2004","Poland","Child living with a single parent",":",""
"2004","Portugal","Child not living with parents","3.0",""
"2004","Portugal","Child living with a single parent","11.9",""
"2004","Romania","Child not living with parents",":",""
"2004","Romania","Child living with a single parent",":",""
"2004","Slovenia","Child not living with parents",":",""
"2004","Slovenia","Child living with a single parent",":",""
"2004","Slovakia","Child not living with parents",":",""
"2004","Slovakia","Child living with a single parent",":",""
"2004","Finland","Child not living with parents","0.9",""
"2004","Finland","Child living with a single parent","14.0",""
"2004","Sweden","Child not living with parents","1.1",""
"2004","Sweden","Child living with a single parent","21.2",""
"2004","United Kingdom","Child not living with parents",":",""
"2004","United Kingdom","Child living with a single parent",":",""
"2004","Iceland","Child not living with parents","0.7",""
"2004","Iceland","Child living with a single parent","15.9",""
"2004","Norway","Child not living with parents","1.0",""
"2004","Norway","Child living with a single parent","16.3",""
"2004","Switzerland","Child not living with parents",":",""
"2004","Switzerland","Child living with a single parent",":",""
"2004","Former Yugoslav Republic of Macedonia, the","Child not living with parents",":",""
"2004","Former Yugoslav Republic of Macedonia, the","Child living with a single parent",":",""
"2004","Serbia","Child not living with parents",":",""
"2004","Serbia","Child living with a single parent",":",""
"2004","Turkey","Child not living with parents",":",""
"2004","Turkey","Child living with a single parent",":",""
"2005","European Union (28 countries)","Child not living with parents",":",""
"2005","European Union (28 countries)","Child living with a single parent",":",""
"2005","European Union (27 countries)","Child not living with parents",":",""
"2005","European Union (27 countries)","Child living with a single parent",":",""
"2005","European Union (15 countries)","Child not living with parents","1.0",""
"2005","European Union (15 countries)","Child living with a single parent","16.4",""
"2005","New Member States (12 countries)","Child not living with parents",":",""
"2005","New Member States (12 countries)","Child living with a single parent",":",""
"2005","Euro area (18 countries)","Child not living with parents","1.0",""
"2005","Euro area (18 countries)","Child living with a single parent","14.4",""
"2005","Euro area (17 countries)","Child not living with parents","1.0",""
"2005","Euro area (17 countries)","Child living with a single parent","14.3",""
"2005","Belgium","Child not living with parents","2.5",""
"2005","Belgium","Child living with a single parent","22.9",""
"2005","Bulgaria","Child not living with parents","3.4",""
"2005","Bulgaria","Child living with a single parent","14.8",""
"2005","Czech Republic","Child not living with parents","1.5",""
"2005","Czech Republic","Child living with a single parent","14.5",""
"2005","Denmark","Child not living with parents","1.7",""
"2005","Denmark","Child living with a single parent","24.0",""
"2005","Germany (until 1990 former territory of the FRG)","Child not living with parents","0.2",""
"2005","Germany (until 1990 former territory of the FRG)","Child living with a single parent","17.1",""
"2005","Estonia","Child not living with parents","1.4",""
"2005","Estonia","Child living with a single parent","26.5",""
"2005","Ireland","Child not living with parents","0.7",""
"2005","Ireland","Child living with a single parent","28.1",""
"2005","Greece","Child not living with parents","0.5",""
"2005","Greece","Child living with a single parent","7.1",""
"2005","Spain","Child not living with parents","1.6",""
"2005","Spain","Child living with a single parent","10.8",""
"2005","France","Child not living with parents","1.4",""
"2005","France","Child living with a single parent","18.6",""
"2005","Croatia","Child not living with parents",":",""
"2005","Croatia","Child living with a single parent",":",""
"2005","Italy","Child not living with parents","0.8",""
"2005","Italy","Child living with a single parent","9.0",""
"2005","Cyprus","Child not living with parents","0.7",""
"2005","Cyprus","Child living with a single parent","8.9",""
"2005","Latvia","Child not living with parents","2.5",""
"2005","Latvia","Child living with a single parent","31.7",""
"2005","Lithuania","Child not living with parents","1.2",""
"2005","Lithuania","Child living with a single parent","23.5",""
"2005","Luxembourg","Child not living with parents","0.0","n"
"2005","Luxembourg","Child living with a single parent","8.5",""
"2005","Hungary","Child not living with parents","1.1",""
"2005","Hungary","Child living with a single parent","19.0",""
"2005","Malta","Child not living with parents","1.4",""
"2005","Malta","Child living with a single parent","10.4",""
"2005","Netherlands","Child not living with parents","0.3",""
"2005","Netherlands","Child living with a single parent","10.4",""
"2005","Austria","Child not living with parents","1.0",""
"2005","Austria","Child living with a single parent","15.5",""
"2005","Poland","Child not living with parents","1.2",""
"2005","Poland","Child living with a single parent","12.1",""
"2005","Portugal","Child not living with parents","2.7",""
"2005","Portugal","Child living with a single parent","11.6",""
"2005","Romania","Child not living with parents",":",""
"2005","Romania","Child living with a single parent",":",""
"2005","Slovenia","Child not living with parents","0.4",""
"2005","Slovenia","Child living with a single parent","13.1",""
"2005","Slovakia","Child not living with parents","0.5",""
"2005","Slovakia","Child living with a single parent","11.0",""
"2005","Finland","Child not living with parents","1.2",""
"2005","Finland","Child living with a single parent","14.4",""
"2005","Sweden","Child not living with parents","1.0",""
"2005","Sweden","Child living with a single parent","20.2",""
"2005","United Kingdom","Child not living with parents","1.0",""
"2005","United Kingdom","Child living with a single parent","25.7",""
"2005","Iceland","Child not living with parents","1.2",""
"2005","Iceland","Child living with a single parent","16.1",""
"2005","Norway","Child not living with parents","0.7",""
"2005","Norway","Child living with a single parent","17.2",""
"2005","Switzerland","Child not living with parents",":",""
"2005","Switzerland","Child living with a single parent",":",""
"2005","Former Yugoslav Republic of Macedonia, the","Child not living with parents",":",""
"2005","Former Yugoslav Republic of Macedonia, the","Child living with a single parent",":",""
"2005","Serbia","Child not living with parents",":",""
"2005","Serbia","Child living with a single parent",":",""
"2005","Turkey","Child not living with parents",":",""
"2005","Turkey","Child living with a single parent",":",""
"2006","European Union (28 countries)","Child not living with parents",":",""
"2006","European Union (28 countries)","Child living with a single parent",":",""
"2006","European Union (27 countries)","Child not living with parents",":",""
"2006","European Union (27 countries)","Child living with a single parent",":",""
"2006","European Union (15 countries)","Child not living with parents","1.0",""
"2006","European Union (15 countries)","Child living with a single parent","16.7",""
"2006","New Member States (12 countries)","Child not living with parents",":",""
"2006","New Member States (12 countries)","Child living with a single parent",":",""
"2006","Euro area (18 countries)","Child not living with parents","0.9",""
"2006","Euro area (18 countries)","Child living with a single parent","15.2",""
"2006","Euro area (17 countries)","Child not living with parents","0.9",""
"2006","Euro area (17 countries)","Child living with a single parent","15.1",""
"2006","Belgium","Child not living with parents","2.1",""
"2006","Belgium","Child living with a single parent","25.0",""
"2006","Bulgaria","Child not living with parents","3.4",""
"2006","Bulgaria","Child living with a single parent","14.8",""
"2006","Czech Republic","Child not living with parents","1.0",""
"2006","Czech Republic","Child living with a single parent","14.4",""
"2006","Denmark","Child not living with parents","1.2",""
"2006","Denmark","Child living with a single parent","24.5",""
"2006","Germany (until 1990 former territory of the FRG)","Child not living with parents","0.3",""
"2006","Germany (until 1990 former territory of the FRG)","Child living with a single parent","21.4",""
"2006","Estonia","Child not living with parents","1.3",""
"2006","Estonia","Child living with a single parent","23.7",""
"2006","Ireland","Child not living with parents","1.5",""
"2006","Ireland","Child living with a single parent","22.7",""
"2006","Greece","Child not living with parents","0.7",""
"2006","Greece","Child living with a single parent","6.6",""
"2006","Spain","Child not living with parents","1.6",""
"2006","Spain","Child living with a single parent","10.2",""
"2006","France","Child not living with parents","0.9",""
"2006","France","Child living with a single parent","16.8",""
"2006","Croatia","Child not living with parents",":",""
"2006","Croatia","Child living with a single parent",":",""
"2006","Italy","Child not living with parents","0.7",""
"2006","Italy","Child living with a single parent","9.3",""
"2006","Cyprus","Child not living with parents","0.4",""
"2006","Cyprus","Child living with a single parent","7.9",""
"2006","Latvia","Child not living with parents","3.8",""
"2006","Latvia","Child living with a single parent","31.0",""
"2006","Lithuania","Child not living with parents","1.4",""
"2006","Lithuania","Child living with a single parent","21.8",""
"2006","Luxembourg","Child not living with parents","0.1",""
"2006","Luxembourg","Child living with a single parent","9.3",""
"2006","Hungary","Child not living with parents","0.7",""
"2006","Hungary","Child living with a single parent","19.2",""
"2006","Malta","Child not living with parents","0.6",""
"2006","Malta","Child living with a single parent","11.3",""
"2006","Netherlands","Child not living with parents","0.3",""
"2006","Netherlands","Child living with a single parent","10.9",""
"2006","Austria","Child not living with parents","0.6",""
"2006","Austria","Child living with a single parent","17.3",""
"2006","Poland","Child not living with parents","0.7",""
"2006","Poland","Child living with a single parent","11.8",""
"2006","Portugal","Child not living with parents","2.7",""
"2006","Portugal","Child living with a single parent","11.7",""
"2006","Romania","Child not living with parents",":",""
"2006","Romania","Child living with a single parent",":",""
"2006","Slovenia","Child not living with parents","0.8",""
"2006","Slovenia","Child living with a single parent","13.4",""
"2006","Slovakia","Child not living with parents","1.1",""
"2006","Slovakia","Child living with a single parent","10.6",""
"2006","Finland","Child not living with parents","1.4",""
"2006","Finland","Child living with a single parent","14.0",""
"2006","Sweden","Child not living with parents","2.6",""
"2006","Sweden","Child living with a single parent","19.3",""
"2006","United Kingdom","Child not living with parents","1.0",""
"2006","United Kingdom","Child living with a single parent","23.8",""
"2006","Iceland","Child not living with parents","1.5",""
"2006","Iceland","Child living with a single parent","17.8",""
"2006","Norway","Child not living with parents","1.5",""
"2006","Norway","Child living with a single parent","19.9",""
"2006","Switzerland","Child not living with parents",":",""
"2006","Switzerland","Child living with a single parent",":",""
"2006","Former Yugoslav Republic of Macedonia, the","Child not living with parents",":",""
"2006","Former Yugoslav Republic of Macedonia, the","Child living with a single parent",":",""
"2006","Serbia","Child not living with parents",":",""
"2006","Serbia","Child living with a single parent",":",""
"2006","Turkey","Child not living with parents","1.5",""
"2006","Turkey","Child living with a single parent","7.0",""
"2007","European Union (28 countries)","Child not living with parents",":",""
"2007","European Union (28 countries)","Child living with a single parent",":",""
"2007","European Union (27 countries)","Child not living with parents","1.2",""
"2007","European Union (27 countries)","Child living with a single parent","15.2",""
"2007","European Union (15 countries)","Child not living with parents","1.1",""
"2007","European Union (15 countries)","Child living with a single parent","15.6",""
"2007","New Member States (12 countries)","Child not living with parents","1.4",""
"2007","New Member States (12 countries)","Child living with a single parent","13.7",""
"2007","Euro area (18 countries)","Child not living with parents","1.2",""
"2007","Euro area (18 countries)","Child living with a single parent","14.3",""
"2007","Euro area (17 countries)","Child not living with parents","1.1",""
"2007","Euro area (17 countries)","Child living with a single parent","14.2",""
"2007","Belgium","Child not living with parents","2.5",""
"2007","Belgium","Child living with a single parent","22.5",""
"2007","Bulgaria","Child not living with parents","2.9",""
"2007","Bulgaria","Child living with a single parent","15.5",""
"2007","Czech Republic","Child not living with parents","0.5",""
"2007","Czech Republic","Child living with a single parent","15.6",""
"2007","Denmark","Child not living with parents","1.3",""
"2007","Denmark","Child living with a single parent","24.9",""
"2007","Germany (until 1990 former territory of the FRG)","Child not living with parents","1.3",""
"2007","Germany (until 1990 former territory of the FRG)","Child living with a single parent","14.4",""
"2007","Estonia","Child not living with parents","1.7",""
"2007","Estonia","Child living with a single parent","21.7",""
"2007","Ireland","Child not living with parents","1.3",""
"2007","Ireland","Child living with a single parent","26.1",""
"2007","Greece","Child not living with parents","1.0",""
"2007","Greece","Child living with a single parent","6.2",""
"2007","Spain","Child not living with parents","1.3",""
"2007","Spain","Child living with a single parent","11.0",""
"2007","France","Child not living with parents","0.8",""
"2007","France","Child living with a single parent","19.8",""
"2007","Croatia","Child not living with parents",":",""
"2007","Croatia","Child living with a single parent",":",""
"2007","Italy","Child not living with parents","0.8",""
"2007","Italy","Child living with a single parent","10.4",""
"2007","Cyprus","Child not living with parents","0.7",""
"2007","Cyprus","Child living with a single parent","9.0",""
"2007","Latvia","Child not living with parents","3.6",""
"2007","Latvia","Child living with a single parent","31.0",""
"2007","Lithuania","Child not living with parents","1.9",""
"2007","Lithuania","Child living with a single parent","21.1",""
"2007","Luxembourg","Child not living with parents","0.1",""
"2007","Luxembourg","Child living with a single parent","10.2",""
"2007","Hungary","Child not living with parents","0.6",""
"2007","Hungary","Child living with a single parent","18.1",""
"2007","Malta","Child not living with parents","0.7",""
"2007","Malta","Child living with a single parent","13.8",""
"2007","Netherlands","Child not living with parents","0.3",""
"2007","Netherlands","Child living with a single parent","11.6",""
"2007","Austria","Child not living with parents","1.9",""
"2007","Austria","Child living with a single parent","17.5",""
"2007","Poland","Child not living with parents","0.8",""
"2007","Poland","Child living with a single parent","12.5",""
"2007","Portugal","Child not living with parents","2.8",""
"2007","Portugal","Child living with a single parent","13.3",""
"2007","Romania","Child not living with parents","2.8",""
"2007","Romania","Child living with a single parent","9.5",""
"2007","Slovenia","Child not living with parents","0.5",""
"2007","Slovenia","Child living with a single parent","12.8",""
"2007","Slovakia","Child not living with parents","1.0",""
"2007","Slovakia","Child living with a single parent","11.9",""
"2007","Finland","Child not living with parents","0.5",""
"2007","Finland","Child living with a single parent","14.4",""
"2007","Sweden","Child not living with parents","1.3",""
"2007","Sweden","Child living with a single parent","18.3",""
"2007","United Kingdom","Child not living with parents","1.1",""
"2007","United Kingdom","Child living with a single parent","21.7",""
"2007","Iceland","Child not living with parents","0.8",""
"2007","Iceland","Child living with a single parent","17.4",""
"2007","Norway","Child not living with parents","1.1",""
"2007","Norway","Child living with a single parent","20.6",""
"2007","Switzerland","Child not living with parents","0.3",""
"2007","Switzerland","Child living with a single parent","10.6",""
"2007","Former Yugoslav Republic of Macedonia, the","Child not living with parents",":",""
"2007","Former Yugoslav Republic of Macedonia, the","Child living with a single parent",":",""
"2007","Serbia","Child not living with parents",":",""
"2007","Serbia","Child living with a single parent",":",""
"2007","Turkey","Child not living with parents","1.4",""
"2007","Turkey","Child living with a single parent","5.9",""
"2008","European Union (28 countries)","Child not living with parents",":",""
"2008","European Union (28 countries)","Child living with a single parent",":",""
"2008","European Union (27 countries)","Child not living with parents","1.1",""
"2008","European Union (27 countries)","Child living with a single parent","15.3",""
"2008","European Union (15 countries)","Child not living with parents","1.0",""
"2008","European Union (15 countries)","Child living with a single parent","15.9",""
"2008","New Member States (12 countries)","Child not living with parents","1.4",""
"2008","New Member States (12 countries)","Child living with a single parent","13.2",""
"2008","Euro area (18 countries)","Child not living with parents","1.0",""
"2008","Euro area (18 countries)","Child living with a single parent","14.8",""
"2008","Euro area (17 countries)","Child not living with parents","1.0",""
"2008","Euro area (17 countries)","Child living with a single parent","14.7",""
"2008","Belgium","Child not living with parents","2.4",""
"2008","Belgium","Child living with a single parent","20.9",""
"2008","Bulgaria","Child not living with parents","2.3",""
"2008","Bulgaria","Child living with a single parent","16.6",""
"2008","Czech Republic","Child not living with parents","0.7",""
"2008","Czech Republic","Child living with a single parent","14.9",""
"2008","Denmark","Child not living with parents","0.7",""
"2008","Denmark","Child living with a single parent","23.9",""
"2008","Germany (until 1990 former territory of the FRG)","Child not living with parents","1.0",""
"2008","Germany (until 1990 former territory of the FRG)","Child living with a single parent","15.0",""
"2008","Estonia","Child not living with parents","1.4",""
"2008","Estonia","Child living with a single parent","21.0",""
"2008","Ireland","Child not living with parents","1.5",""
"2008","Ireland","Child living with a single parent","24.0",""
"2008","Greece","Child not living with parents","0.8",""
"2008","Greece","Child living with a single parent","5.6",""
"2008","Spain","Child not living with parents","1.3",""
"2008","Spain","Child living with a single parent","11.1",""
"2008","France","Child not living with parents","0.7",""
"2008","France","Child living with a single parent","21.3",""
"2008","Croatia","Child not living with parents",":",""
"2008","Croatia","Child living with a single parent",":",""
"2008","Italy","Child not living with parents","0.8",""
"2008","Italy","Child living with a single parent","11.0",""
"2008","Cyprus","Child not living with parents","0.9","b"
"2008","Cyprus","Child living with a single parent","13.9","b"
"2008","Latvia","Child not living with parents","3.3",""
"2008","Latvia","Child living with a single parent","30.3",""
"2008","Lithuania","Child not living with parents","2.9",""
"2008","Lithuania","Child living with a single parent","19.5",""
"2008","Luxembourg","Child not living with parents","0.1",""
"2008","Luxembourg","Child living with a single parent","9.7",""
"2008","Hungary","Child not living with parents","0.8",""
"2008","Hungary","Child living with a single parent","16.9",""
"2008","Malta","Child not living with parents","0.6",""
"2008","Malta","Child living with a single parent","14.8",""
"2008","Netherlands","Child not living with parents","0.5",""
"2008","Netherlands","Child living with a single parent","12.1",""
"2008","Austria","Child not living with parents","2.0","b"
"2008","Austria","Child living with a single parent","16.6","b"
"2008","Poland","Child not living with parents","0.8",""
"2008","Poland","Child living with a single parent","12.0",""
"2008","Portugal","Child not living with parents","2.1",""
"2008","Portugal","Child living with a single parent","14.4",""
"2008","Romania","Child not living with parents","2.5",""
"2008","Romania","Child living with a single parent","9.0",""
"2008","Slovenia","Child not living with parents","0.6",""
"2008","Slovenia","Child living with a single parent","12.3",""
"2008","Slovakia","Child not living with parents","0.7",""
"2008","Slovakia","Child living with a single parent","11.1",""
"2008","Finland","Child not living with parents","0.6",""
"2008","Finland","Child living with a single parent","13.5",""
"2008","Sweden","Child not living with parents","1.3",""
"2008","Sweden","Child living with a single parent","16.9",""
"2008","United Kingdom","Child not living with parents","1.0",""
"2008","United Kingdom","Child living with a single parent","20.9",""
"2008","Iceland","Child not living with parents","0.5",""
"2008","Iceland","Child living with a single parent","16.8",""
"2008","Norway","Child not living with parents","0.6",""
"2008","Norway","Child living with a single parent","17.4",""
"2008","Switzerland","Child not living with parents","0.3",""
"2008","Switzerland","Child living with a single parent","11.1",""
"2008","Former Yugoslav Republic of Macedonia, the","Child not living with parents",":",""
"2008","Former Yugoslav Republic of Macedonia, the","Child living with a single parent",":",""
"2008","Serbia","Child not living with parents",":",""
"2008","Serbia","Child living with a single parent",":",""
"2008","Turkey","Child not living with parents",":",""
"2008","Turkey","Child living with a single parent",":",""
"2009","European Union (28 countries)","Child not living with parents",":",""
"2009","European Union (28 countries)","Child living with a single parent",":",""
"2009","European Union (27 countries)","Child not living with parents","1.2",""
"2009","European Union (27 countries)","Child living with a single parent","15.7",""
"2009","European Union (15 countries)","Child not living with parents","1.1",""
"2009","European Union (15 countries)","Child living with a single parent","16.3",""
"2009","New Member States (12 countries)","Child not living with parents","1.4",""
"2009","New Member States (12 countries)","Child living with a single parent","13.5",""
"2009","Euro area (18 countries)","Child not living with parents","1.1",""
"2009","Euro area (18 countries)","Child living with a single parent","15.0",""
"2009","Euro area (17 countries)","Child not living with parents","1.1",""
"2009","Euro area (17 countries)","Child living with a single parent","14.9",""
"2009","Belgium","Child not living with parents","2.6",""
"2009","Belgium","Child living with a single parent","21.9",""
"2009","Bulgaria","Child not living with parents","2.5",""
"2009","Bulgaria","Child living with a single parent","14.5",""
"2009","Czech Republic","Child not living with parents","0.5",""
"2009","Czech Republic","Child living with a single parent","13.7",""
"2009","Denmark","Child not living with parents","1.1",""
"2009","Denmark","Child living with a single parent","25.0",""
"2009","Germany (until 1990 former territory of the FRG)","Child not living with parents","1.7",""
"2009","Germany (until 1990 former territory of the FRG)","Child living with a single parent","15.1",""
"2009","Estonia","Child not living with parents","1.4",""
"2009","Estonia","Child living with a single parent","19.5",""
"2009","Ireland","Child not living with parents","0.6",""
"2009","Ireland","Child living with a single parent","25.1",""
"2009","Greece","Child not living with parents","0.5",""
"2009","Greece","Child living with a single parent","5.8",""
"2009","Spain","Child not living with parents","1.5",""
"2009","Spain","Child living with a single parent","11.5",""
"2009","France","Child not living with parents","0.8",""
"2009","France","Child living with a single parent","21.6",""
"2009","Croatia","Child not living with parents",":",""
"2009","Croatia","Child living with a single parent",":",""
"2009","Italy","Child not living with parents","0.7",""
"2009","Italy","Child living with a single parent","11.4",""
"2009","Cyprus","Child not living with parents","0.7",""
"2009","Cyprus","Child living with a single parent","12.6",""
"2009","Latvia","Child not living with parents","3.5",""
"2009","Latvia","Child living with a single parent","30.5",""
"2009","Lithuania","Child not living with parents","2.8",""
"2009","Lithuania","Child living with a single parent","21.1",""
"2009","Luxembourg","Child not living with parents","0.1",""
"2009","Luxembourg","Child living with a single parent","12.6",""
"2009","Hungary","Child not living with parents","1.1",""
"2009","Hungary","Child living with a single parent","18.7",""
"2009","Malta","Child not living with parents","0.5",""
"2009","Malta","Child living with a single parent","14.6",""
"2009","Netherlands","Child not living with parents","0.4",""
"2009","Netherlands","Child living with a single parent","11.6",""
"2009","Austria","Child not living with parents","0.6",""
"2009","Austria","Child living with a single parent","17.0",""
"2009","Poland","Child not living with parents","0.8",""
"2009","Poland","Child living with a single parent","12.9",""
"2009","Portugal","Child not living with parents","1.7",""
"2009","Portugal","Child living with a single parent","15.2",""
"2009","Romania","Child not living with parents","2.6",""
"2009","Romania","Child living with a single parent","9.3",""
"2009","Slovenia","Child not living with parents","0.6",""
"2009","Slovenia","Child living with a single parent","11.0",""
"2009","Slovakia","Child not living with parents","0.6",""
"2009","Slovakia","Child living with a single parent","11.4",""
"2009","Finland","Child not living with parents","0.5",""
"2009","Finland","Child living with a single parent","12.3",""
"2009","Sweden","Child not living with parents","1.8",""
"2009","Sweden","Child living with a single parent","17.6",""
"2009","United Kingdom","Child not living with parents","1.1",""
"2009","United Kingdom","Child living with a single parent","22.0",""
"2009","Iceland","Child not living with parents","0.9",""
"2009","Iceland","Child living with a single parent","17.9",""
"2009","Norway","Child not living with parents","1.0",""
"2009","Norway","Child living with a single parent","19.5",""
"2009","Switzerland","Child not living with parents","0.4",""
"2009","Switzerland","Child living with a single parent","10.2",""
"2009","Former Yugoslav Republic of Macedonia, the","Child not living with parents",":",""
"2009","Former Yugoslav Republic of Macedonia, the","Child living with a single parent",":",""
"2009","Serbia","Child not living with parents",":",""
"2009","Serbia","Child living with a single parent",":",""
"2009","Turkey","Child not living with parents",":",""
"2009","Turkey","Child living with a single parent",":",""
"2010","European Union (28 countries)","Child not living with parents","1.2",""
"2010","European Union (28 countries)","Child living with a single parent","16.1",""
"2010","European Union (27 countries)","Child not living with parents","1.2",""
"2010","European Union (27 countries)","Child living with a single parent","16.2",""
"2010","European Union (15 countries)","Child not living with parents","1.1",""
"2010","European Union (15 countries)","Child living with a single parent","16.9",""
"2010","New Member States (12 countries)","Child not living with parents","1.5",""
"2010","New Member States (12 countries)","Child living with a single parent","13.6",""
"2010","Euro area (18 countries)","Child not living with parents","1.1",""
"2010","Euro area (18 countries)","Child living with a single parent","15.9",""
"2010","Euro area (17 countries)","Child not living with parents","1.1",""
"2010","Euro area (17 countries)","Child living with a single parent","15.8",""
"2010","Belgium","Child not living with parents","6.7",""
"2010","Belgium","Child living with a single parent","22.1",""
"2010","Bulgaria","Child not living with parents","3.0",""
"2010","Bulgaria","Child living with a single parent","16.1",""
"2010","Czech Republic","Child not living with parents","0.3",""
"2010","Czech Republic","Child living with a single parent","14.4",""
"2010","Denmark","Child not living with parents","1.4",""
"2010","Denmark","Child living with a single parent","25.0",""
"2010","Germany (until 1990 former territory of the FRG)","Child not living with parents","1.4",""
"2010","Germany (until 1990 former territory of the FRG)","Child living with a single parent","15.4",""
"2010","Estonia","Child not living with parents","1.2",""
"2010","Estonia","Child living with a single parent","17.9",""
"2010","Ireland","Child not living with parents","0.8",""
"2010","Ireland","Child living with a single parent","26.3",""
"2010","Greece","Child not living with parents","1.0",""
"2010","Greece","Child living with a single parent","5.1",""
"2010","Spain","Child not living with parents","1.1",""
"2010","Spain","Child living with a single parent","13.8",""
"2010","France","Child not living with parents","0.7",""
"2010","France","Child living with a single parent","23.5",""
"2010","Croatia","Child not living with parents","0.7",""
"2010","Croatia","Child living with a single parent","9.0",""
"2010","Italy","Child not living with parents","0.5",""
"2010","Italy","Child living with a single parent","11.8",""
"2010","Cyprus","Child not living with parents","0.5",""
"2010","Cyprus","Child living with a single parent","12.8",""
"2010","Latvia","Child not living with parents","3.5",""
"2010","Latvia","Child living with a single parent","31.8",""
"2010","Lithuania","Child not living with parents","2.8",""
"2010","Lithuania","Child living with a single parent","21.9",""
"2010","Luxembourg","Child not living with parents","0.1",""
"2010","Luxembourg","Child living with a single parent","11.6",""
"2010","Hungary","Child not living with parents","0.7",""
"2010","Hungary","Child living with a single parent","18.7",""
"2010","Malta","Child not living with parents","0.7",""
"2010","Malta","Child living with a single parent","16.2",""
"2010","Netherlands","Child not living with parents","0.6",""
"2010","Netherlands","Child living with a single parent","12.2",""
"2010","Austria","Child not living with parents","0.5",""
"2010","Austria","Child living with a single parent","17.1",""
"2010","Poland","Child not living with parents","0.7",""
"2010","Poland","Child living with a single parent","12.5",""
"2010","Portugal","Child not living with parents","2.2",""
"2010","Portugal","Child living with a single parent","14.8",""
"2010","Romania","Child not living with parents","3.4",""
"2010","Romania","Child living with a single parent","8.9",""
"2010","Slovenia","Child not living with parents","0.6",""
"2010","Slovenia","Child living with a single parent","13.0",""
"2010","Slovakia","Child not living with parents","0.7",""
"2010","Slovakia","Child living with a single parent","13.2",""
"2010","Finland","Child not living with parents","0.4",""
"2010","Finland","Child living with a single parent","12.4",""
"2010","Sweden","Child not living with parents","1.2",""
"2010","Sweden","Child living with a single parent","17.5",""
"2010","United Kingdom","Child not living with parents","0.9",""
"2010","United Kingdom","Child living with a single parent","21.2",""
"2010","Iceland","Child not living with parents","0.7",""
"2010","Iceland","Child living with a single parent","20.2",""
"2010","Norway","Child not living with parents","1.4",""
"2010","Norway","Child living with a single parent","20.6",""
"2010","Switzerland","Child not living with parents","0.7",""
"2010","Switzerland","Child living with a single parent","11.6",""
"2010","Former Yugoslav Republic of Macedonia, the","Child not living with parents",":",""
"2010","Former Yugoslav Republic of Macedonia, the","Child living with a single parent",":",""
"2010","Serbia","Child not living with parents",":",""
"2010","Serbia","Child living with a single parent",":",""
"2010","Turkey","Child not living with parents",":",""
"2010","Turkey","Child living with a single parent",":",""
"2011","European Union (28 countries)","Child not living with parents","1.3",""
"2011","European Union (28 countries)","Child living with a single parent","15.8",""
"2011","European Union (27 countries)","Child not living with parents","1.3",""
"2011","European Union (27 countries)","Child living with a single parent","15.9",""
"2011","European Union (15 countries)","Child not living with parents","1.2",""
"2011","European Union (15 countries)","Child living with a single parent","16.5",""
"2011","New Member States (12 countries)","Child not living with parents","1.6",""
"2011","New Member States (12 countries)","Child living with a single parent","13.4",""
"2011","Euro area (18 countries)","Child not living with parents","1.2",""
"2011","Euro area (18 countries)","Child living with a single parent","15.7",""
"2011","Euro area (17 countries)","Child not living with parents","1.2",""
"2011","Euro area (17 countries)","Child living with a single parent","15.6",""
"2011","Belgium","Child not living with parents","5.1",""
"2011","Belgium","Child living with a single parent","26.2",""
"2011","Bulgaria","Child not living with parents","2.9",""
"2011","Bulgaria","Child living with a single parent","16.9",""
"2011","Czech Republic","Child not living with parents","0.3",""
"2011","Czech Republic","Child living with a single parent","13.9",""
"2011","Denmark","Child not living with parents","0.8",""
"2011","Denmark","Child living with a single parent","25.1",""
"2011","Germany (until 1990 former territory of the FRG)","Child not living with parents","1.6",""
"2011","Germany (until 1990 former territory of the FRG)","Child living with a single parent","15.6",""
"2011","Estonia","Child not living with parents","1.0",""
"2011","Estonia","Child living with a single parent","16.3",""
"2011","Ireland","Child not living with parents","0.9",""
"2011","Ireland","Child living with a single parent","23.1",""
"2011","Greece","Child not living with parents","0.8",""
"2011","Greece","Child living with a single parent","5.0",""
"2011","Spain","Child not living with parents","1.9",""
"2011","Spain","Child living with a single parent","12.7",""
"2011","France","Child not living with parents","0.5",""
"2011","France","Child living with a single parent","22.1",""
"2011","Croatia","Child not living with parents","0.8",""
"2011","Croatia","Child living with a single parent","8.2",""
"2011","Italy","Child not living with parents","0.5",""
"2011","Italy","Child living with a single parent","12.2",""
"2011","Cyprus","Child not living with parents","0.9",""
"2011","Cyprus","Child living with a single parent","9.9",""
"2011","Latvia","Child not living with parents","3.3",""
"2011","Latvia","Child living with a single parent","32.5",""
"2011","Lithuania","Child not living with parents","2.2",""
"2011","Lithuania","Child living with a single parent","22.9",""
"2011","Luxembourg","Child not living with parents","0.0","n"
"2011","Luxembourg","Child living with a single parent","11.0",""
"2011","Hungary","Child not living with parents","1.4",""
"2011","Hungary","Child living with a single parent","18.0",""
"2011","Malta","Child not living with parents","1.6",""
"2011","Malta","Child living with a single parent","16.5",""
"2011","Netherlands","Child not living with parents","0.8",""
"2011","Netherlands","Child living with a single parent","12.5",""
"2011","Austria","Child not living with parents","0.3",""
"2011","Austria","Child living with a single parent","17.0",""
"2011","Poland","Child not living with parents","0.7",""
"2011","Poland","Child living with a single parent","12.0",""
"2011","Portugal","Child not living with parents","2.0",""
"2011","Portugal","Child living with a single parent","16.3",""
"2011","Romania","Child not living with parents","3.7",""
"2011","Romania","Child living with a single parent","9.2",""
"2011","Slovenia","Child not living with parents","0.7",""
"2011","Slovenia","Child living with a single parent","13.6",""
"2011","Slovakia","Child not living with parents","0.4",""
"2011","Slovakia","Child living with a single parent","12.9",""
"2011","Finland","Child not living with parents","0.5",""
"2011","Finland","Child living with a single parent","12.3",""
"2011","Sweden","Child not living with parents","1.5",""
"2011","Sweden","Child living with a single parent","17.0",""
"2011","United Kingdom","Child not living with parents","1.0",""
"2011","United Kingdom","Child living with a single parent","20.1",""
"2011","Iceland","Child not living with parents","0.7",""
"2011","Iceland","Child living with a single parent","18.7",""
"2011","Norway","Child not living with parents","1.0",""
"2011","Norway","Child living with a single parent","18.2",""
"2011","Switzerland","Child not living with parents","0.3",""
"2011","Switzerland","Child living with a single parent","11.2",""
"2011","Former Yugoslav Republic of Macedonia, the","Child not living with parents",":",""
"2011","Former Yugoslav Republic of Macedonia, the","Child living with a single parent",":",""
"2011","Serbia","Child not living with parents",":",""
"2011","Serbia","Child living with a single parent",":",""
"2011","Turkey","Child not living with parents",":",""
"2011","Turkey","Child living with a single parent",":",""
"2012","European Union (28 countries)","Child not living with parents","1.1",""
"2012","European Union (28 countries)","Child living with a single parent","16.2",""
"2012","European Union (27 countries)","Child not living with parents","1.1",""
"2012","European Union (27 countries)","Child living with a single parent","16.3",""
"2012","European Union (15 countries)","Child not living with parents","0.9",""
"2012","European Union (15 countries)","Child living with a single parent","17.1",""
"2012","New Member States (12 countries)","Child not living with parents","1.6",""
"2012","New Member States (12 countries)","Child living with a single parent","13.1",""
"2012","Euro area (18 countries)","Child not living with parents","1.0",""
"2012","Euro area (18 countries)","Child living with a single parent","15.6",""
"2012","Euro area (17 countries)","Child not living with parents","0.9",""
"2012","Euro area (17 countries)","Child living with a single parent","15.6",""
"2012","Belgium","Child not living with parents","1.4",""
"2012","Belgium","Child living with a single parent","23.5",""
"2012","Bulgaria","Child not living with parents","4.2",""
"2012","Bulgaria","Child living with a single parent","15.6",""
"2012","Czech Republic","Child not living with parents","0.4",""
"2012","Czech Republic","Child living with a single parent","14.4",""
"2012","Denmark","Child not living with parents","6.6",""
"2012","Denmark","Child living with a single parent","22.9",""
"2012","Germany (until 1990 former territory of the FRG)","Child not living with parents","1.1",""
"2012","Germany (until 1990 former territory of the FRG)","Child living with a single parent","15.4",""
"2012","Estonia","Child not living with parents","1.1",""
"2012","Estonia","Child living with a single parent","18.3",""
"2012","Ireland","Child not living with parents","0.8",""
"2012","Ireland","Child living with a single parent","22.0",""
"2012","Greece","Child not living with parents","0.4",""
"2012","Greece","Child living with a single parent","4.9",""
"2012","Spain","Child not living with parents","1.5",""
"2012","Spain","Child living with a single parent","13.3",""
"2012","France","Child not living with parents","0.7",""
"2012","France","Child living with a single parent","22.0",""
"2012","Croatia","Child not living with parents","0.6",""
"2012","Croatia","Child living with a single parent","9.0",""
"2012","Italy","Child not living with parents","0.5",""
"2012","Italy","Child living with a single parent","11.8",""
"2012","Cyprus","Child not living with parents","0.6",""
"2012","Cyprus","Child living with a single parent","10.1",""
"2012","Latvia","Child not living with parents","2.6",""
"2012","Latvia","Child living with a single parent","28.7",""
"2012","Lithuania","Child not living with parents","1.7",""
"2012","Lithuania","Child living with a single parent","21.6",""
"2012","Luxembourg","Child not living with parents","0.0","n"
"2012","Luxembourg","Child living with a single parent","11.8",""
"2012","Hungary","Child not living with parents","1.1",""
"2012","Hungary","Child living with a single parent","17.3",""
"2012","Malta","Child not living with parents","2.1",""
"2012","Malta","Child living with a single parent","16.8",""
"2012","Netherlands","Child not living with parents","0.6",""
"2012","Netherlands","Child living with a single parent","12.6",""
"2012","Austria","Child not living with parents","0.3",""
"2012","Austria","Child living with a single parent","16.3",""
"2012","Poland","Child not living with parents","0.6",""
"2012","Poland","Child living with a single parent","11.6",""
"2012","Portugal","Child not living with parents","3.2",""
"2012","Portugal","Child living with a single parent","18.1",""
"2012","Romania","Child not living with parents","3.8",""
"2012","Romania","Child living with a single parent","9.4",""
"2012","Slovenia","Child not living with parents","0.4",""
"2012","Slovenia","Child living with a single parent","13.2",""
"2012","Slovakia","Child not living with parents","0.4",""
"2012","Slovakia","Child living with a single parent","12.9",""
"2012","Finland","Child not living with parents","0.4",""
"2012","Finland","Child living with a single parent","13.1",""
"2012","Sweden","Child not living with parents","1.1",""
"2012","Sweden","Child living with a single parent","16.6",""
"2012","United Kingdom","Child not living with parents","0.2","b"
"2012","United Kingdom","Child living with a single parent","24.1","b"
"2012","Iceland","Child not living with parents","0.8",""
"2012","Iceland","Child living with a single parent","20.8",""
"2012","Norway","Child not living with parents","1.0",""
"2012","Norway","Child living with a single parent","16.8",""
"2012","Switzerland","Child not living with parents","0.4",""
"2012","Switzerland","Child living with a single parent","10.9",""
"2012","Former Yugoslav Republic of Macedonia, the","Child not living with parents","1.0",""
"2012","Former Yugoslav Republic of Macedonia, the","Child living with a single parent","4.7",""
"2012","Serbia","Child not living with parents",":",""
"2012","Serbia","Child living with a single parent",":",""
"2012","Turkey","Child not living with parents",":",""
"2012","Turkey","Child living with a single parent",":",""
"2013","European Union (28 countries)","Child not living with parents","1.0","e"
"2013","European Union (28 countries)","Child living with a single parent","16.3","e"
"2013","European Union (27 countries)","Child not living with parents","1.0","e"
"2013","European Union (27 countries)","Child living with a single parent","16.3","e"
"2013","European Union (15 countries)","Child not living with parents","0.9","e"
"2013","European Union (15 countries)","Child living with a single parent","17.3","e"
"2013","New Member States (12 countries)","Child not living with parents","1.5",""
"2013","New Member States (12 countries)","Child living with a single parent","12.6",""
"2013","Euro area (18 countries)","Child not living with parents","0.9","e"
"2013","Euro area (18 countries)","Child living with a single parent","16.0","e"
"2013","Euro area (17 countries)","Child not living with parents","0.9","e"
"2013","Euro area (17 countries)","Child living with a single parent","15.9","e"
"2013","Belgium","Child not living with parents","1.0",""
"2013","Belgium","Child living with a single parent","22.8",""
"2013","Bulgaria","Child not living with parents","3.0",""
"2013","Bulgaria","Child living with a single parent","16.7",""
"2013","Czech Republic","Child not living with parents","0.3",""
"2013","Czech Republic","Child living with a single parent","14.0",""
"2013","Denmark","Child not living with parents","4.6",""
"2013","Denmark","Child living with a single parent","23.4",""
"2013","Germany (until 1990 former territory of the FRG)","Child not living with parents","1.2",""
"2013","Germany (until 1990 former territory of the FRG)","Child living with a single parent","15.5",""
"2013","Estonia","Child not living with parents","1.0",""
"2013","Estonia","Child living with a single parent","17.2",""
"2013","Ireland","Child not living with parents",":",""
"2013","Ireland","Child living with a single parent",":",""
"2013","Greece","Child not living with parents","0.4",""
"2013","Greece","Child living with a single parent","7.3",""
"2013","Spain","Child not living with parents","1.7",""
"2013","Spain","Child living with a single parent","14.3",""
"2013","France","Child not living with parents","0.6",""
"2013","France","Child living with a single parent","21.8",""
"2013","Croatia","Child not living with parents","0.3",""
"2013","Croatia","Child living with a single parent","9.3",""
"2013","Italy","Child not living with parents","0.5",""
"2013","Italy","Child living with a single parent","12.0",""
"2013","Cyprus","Child not living with parents","0.2",""
"2013","Cyprus","Child living with a single parent","10.1",""
"2013","Latvia","Child not living with parents","2.5",""
"2013","Latvia","Child living with a single parent","30.7",""
"2013","Lithuania","Child not living with parents","2.0",""
"2013","Lithuania","Child living with a single parent","25.3",""
"2013","Luxembourg","Child not living with parents","0.0",""
"2013","Luxembourg","Child living with a single parent","13.8",""
"2013","Hungary","Child not living with parents","1.6",""
"2013","Hungary","Child living with a single parent","17.3",""
"2013","Malta","Child not living with parents","0.8",""
"2013","Malta","Child living with a single parent","18.2",""
"2013","Netherlands","Child not living with parents","0.5",""
"2013","Netherlands","Child living with a single parent","13.1",""
"2013","Austria","Child not living with parents","0.3",""
"2013","Austria","Child living with a single parent","18.9",""
"2013","Poland","Child not living with parents","0.6",""
"2013","Poland","Child living with a single parent","10.0",""
"2013","Portugal","Child not living with parents","2.7",""
"2013","Portugal","Child living with a single parent","19.5",""
"2013","Romania","Child not living with parents","3.5",""
"2013","Romania","Child living with a single parent","9.0",""
"2013","Slovenia","Child not living with parents","0.4",""
"2013","Slovenia","Child living with a single parent","12.5",""
"2013","Slovakia","Child not living with parents","0.4",""
"2013","Slovakia","Child living with a single parent","13.5",""
"2013","Finland","Child not living with parents","0.4",""
"2013","Finland","Child living with a single parent","13.9",""
"2013","Sweden","Child not living with parents","0.8",""
"2013","Sweden","Child living with a single parent","17.6",""
"2013","United Kingdom","Child not living with parents","0.2",""
"2013","United Kingdom","Child living with a single parent","23.4",""
"2013","Iceland","Child not living with parents","0.9",""
"2013","Iceland","Child living with a single parent","19.0",""
"2013","Norway","Child not living with parents","1.0",""
"2013","Norway","Child living with a single parent","18.2",""
"2013","Switzerland","Child not living with parents","0.4",""
"2013","Switzerland","Child living with a single parent","10.8",""
"2013","Former Yugoslav Republic of Macedonia, the","Child not living with parents",":",""
"2013","Former Yugoslav Republic of Macedonia, the","Child living with a single parent",":",""
"2013","Serbia","Child not living with parents","0.8",""
"2013","Serbia","Child living with a single parent","13.4",""
"2013","Turkey","Child not living with parents",":",""
"2013","Turkey","Child living with a single parent",":",""
